device,timestamp,motion
41,1474314900876,13.928931968037492
41,1474315501668,5.147747050992273
41,1474316102492,4.932113844122296
41,1474316703294,4.684684997772848
41,1474317304085,4.3866581667665585
41,1474317904887,4.399629825150213
41,1474318505685,4.110035956254424
41,1474319106484,4.040608232012051
41,1474319706991,4.072808784966563
41,1474320307333,4.151970769728015
41,1474320908916,3.9871587301574665
41,1474321509223,3.977821226353413
41,1474322110021,3.739564470610806
41,1474322710819,3.9939659065543873
41,1474323311624,3.756025492513421
41,1474323912434,3.9204133246318085
41,1474324513232,3.9066585565390826
41,1474325114052,3.6016150504736517
41,1474325714858,3.778433365154825
41,1474326315666,3.983523225963759
41,1474326916468,3.692108952357678
41,1474327517276,3.8570443577726414
41,1474328117810,3.946095998987159
41,1474328718888,3.735779842374351
41,1474329319693,3.684146349640371
41,1474329920494,3.8735667344046556
41,1474330521310,3.8158818714991627
41,1474331121834,3.8207933369825975
41,1474331722923,3.7192436337433628
41,1474332323744,3.8177470960233633
41,1474332924644,3.710580562602485
41,1474333525335,3.768835796274118
41,1474334125854,3.606318529621901
41,1474334726952,3.660517396162559
41,1474335327265,3.858794722202769
41,1474335928074,3.7624387444739162
41,1474336528874,3.8621558545016255
41,1474337129675,3.8761056937743916
41,1474337730490,3.6852837916820507
41,1474338331288,3.827073522154298
41,1474338932074,3.9187894341774907
41,1474339532885,3.9488000966186774
41,1474340133694,3.8233137719635066
41,1474340734499,3.7274435230044096
41,1474341335296,3.8552337514302857
41,1474341936104,4.000432965521012
41,1474342536894,3.762531346663213
41,1474343137556,3.6824157284613177
41,1474343738012,3.7618174526405683
41,1474344338808,3.790819284658074
41,1474344939619,3.483041498810573
41,1474345540432,3.7875766100026538
41,1474346141212,3.7491105124288886
41,1474346742515,4.028986596230963
41,1474347342813,3.95692727349495
41,1474347943617,3.9200497719249023
41,1474348544560,3.7705940793129904
41,1474349144994,4.076597813173742
41,1474349745798,3.8394731031568363
41,1474350346811,3.774409307532224
41,1474350947620,3.948346695700124
41,1474351547925,3.828395382285673
41,1474352148726,3.6910628098729674
41,1474352749021,3.732560009863213
41,1474353349814,3.8848088689881264
41,1474353950640,3.674868910843373
41,1474354551940,3.6787710148553927
41,1474355152737,3.715124842671152
41,1474355753537,3.6401952610373387
41,1474356353856,3.870763951500642
41,1474356954675,3.976796590727922
41,1474357555966,3.722777594753521
41,1474358155966,3.7929372509829866
41,1474358756767,3.784184164003924
41,1474359357894,3.69141910042345
41,1474359958715,3.7890488740521997
41,1474360559990,3.8595292513300414
41,1474361160797,3.786618573745959
41,1474361761613,3.802060631539386
41,1474362362428,3.8089685615779674
41,1474362963231,3.8226084081035894
41,1474363564030,3.700963035251353
41,1474364164832,3.791697317230178
41,1474364765512,3.9181468479527473
41,1474365365918,3.619958437227961
41,1474365966731,3.921938481110741
41,1474366566846,4.122221588365122
41,1474367167732,4.012392938573637
41,1474367767925,3.8209778691485945
41,1474368368977,3.8205043497785867
41,1474368969735,3.903555990541933
41,1474369570545,3.8761312012014693
41,1474370171356,3.967670877629461
41,1474370771954,3.8144279215433783
41,1474371372954,3.835523069928821
41,1474371973695,16.609668094799044
41,1474372574493,3.89790307127194
41,1474373174997,10.189334859302509
41,1474373775766,114.76301140442365
41,1474374376915,80.16419614381972
41,1474374977710,114.71691334698933
41,1474375577888,83.77108469447165
41,1474376178664,63.497179085028804
41,1474376778737,82.36751648959095
41,1474377379169,79.24966886307547
41,1474377979523,77.94360907880997
41,1474378580372,65.84281165805152
41,1474379180617,125.4666599153579
41,1474379781437,92.47242526707387
41,1474380381724,40.73245790871067
41,1474380982545,58.590966622281044
41,1474381582837,59.62486786353959
41,1474382183655,38.119257062052334
41,1474382783967,79.66940583015915
41,1474383384769,58.386715482100975
41,1474383985081,82.91707052633743
41,1474384585911,72.17586596613945
41,1474385186189,87.78168714187439
41,1474385786998,77.03627941627077
41,1474386387296,89.73690245248176
41,1474386987678,117.40371548637992
41,1474387588489,122.2498350038845
41,1474388189308,85.34207820613696
41,1474388789511,122.59796974806306
41,1474389390916,105.5852299484803
41,1474389990949,119.92492020037268
41,1474390591431,72.79294034472382
41,1474391191740,93.27418075623862
41,1474391791882,95.28487554285554
41,1474392392476,134.93092546433274
41,1474392993258,45.22087250430457
41,1474393593291,50.0481971178291
41,1474394193502,71.92627935450082
41,1474394794394,56.015464226193686
41,1474395395983,87.29964463317944
41,1474395996359,68.39055994821925
41,1474396596859,51.261316895282924
41,1474397197882,44.36203680478703
41,1474397797963,44.55998527555805
41,1474398398981,73.12200559499233
41,1474398998983,76.85391260790632
41,1474399599609,5.15437411407922
41,1474400200930,5.196429239677228
41,1474400801731,4.918233255343801
41,1474401401989,4.653126553139732
41,1474402002776,4.537377423540495
41,1474402602954,4.343275746081807
41,1474403203267,4.067289704067842
41,1474403803299,4.135668193003291
41,1474404403601,4.088520933942528
41,1474405003623,3.99222480300449
41,1474405604435,4.078511662725782
41,1474406205258,3.929818932815764
41,1474406805826,3.834123810478734
41,1474407406895,3.902930520459976
41,1474408006949,3.854728436706509
41,1474408607338,3.8762898360912574
41,1474409208146,3.9057314739482933
41,1474409808897,3.9882183187737916
41,1474410409187,3.8346847614186172
41,1474411010007,3.7344202726875304
41,1474411610310,3.9718930643358
41,1474412210763,3.7907685606299486
41,1474412811440,3.7488863016799527
41,1474413412259,3.881207098029356
41,1474414012541,3.7759835772957535
41,1474414612668,3.711596656056794
41,1474415212669,3.860754341981419
41,1474415813020,3.802428926441942
41,1474416413839,3.9049937299870905
41,1474417014639,3.9152230987531604
41,1474417615454,3.7832260766781696
41,1474418216278,3.8444158044293095
41,1474418816998,3.777445135359275
41,1474419417011,3.851563797390143
41,1474420017308,3.658364661953448
41,1474420617881,3.7974670401853245
41,1474421218915,3.787847162395444
41,1474421819717,3.6888594843673466
41,1474422419829,3.692813858487167
41,1474423019998,3.894717002002841
41,1474423620309,3.8114376655852418
41,1474424221124,3.8041650457748553
41,1474424821911,3.9922943635520696
41,1474425422736,3.830030984019854
41,1474426023549,3.845948789686834
41,1474426624375,3.8146629072830835
41,1474427225188,3.904296021699989
41,1474427825997,3.8386190694548374
41,1474428426806,3.7662050738781154
41,1474429027618,3.8866409272743105
41,1474429627897,3.809995325318269
41,1474430228708,3.8081857784646167
41,1474430829003,3.9058816056903245
41,1474431429805,3.8104494296983447
41,1474432030111,3.7995406658826463
41,1474432630535,3.6827833583188125
41,1474433231327,3.7742124441944447
41,1474433832118,3.799625823338957
41,1474434432426,3.854448890986472
41,1474435032908,3.802629291041705
41,1474435633511,3.6956465132388523
41,1474436234314,3.7851926337456847
41,1474436834549,3.8865722689615843
41,1474437435956,3.7956788994792356
41,1474438036704,3.9903934029631025
41,1474438637512,3.827266884798152
41,1474439238310,3.754520908987428
41,1474439839105,3.947113405517249
41,1474440439912,3.91551607009324
41,1474441040707,3.7535234280520116
41,1474441640999,3.7651658469913656
41,1474442241801,3.7242970334729444
41,1474442842089,3.647944695432515
41,1474443442911,3.8070802823100607
41,1474444043725,3.8934363747953897
41,1474444644547,3.6526554907683226
41,1474445244844,4.013696753224709
41,1474445845658,4.199919347390105
41,1474446445964,3.7599104154850678
41,1474447046317,3.8055174812800394
41,1474447647119,3.9209994681263693
41,1474448247919,3.905180663668271
41,1474448848724,3.6135502265778427
41,1474449448980,3.7798318453159303
41,1474450049454,3.709511214174545
41,1474450650244,3.6067583838999533
41,1474451250404,3.8117100907981283
41,1474451850582,4.071834421895582
41,1474452451115,3.764063891771717
41,1474453051912,3.8293914330273346
41,1474453652719,4.083535700459544
41,1474454253533,3.802053632101733
41,1474454853725,3.8796845435679024
41,1474455453854,3.9982508112616317
41,1474456054304,3.8081285136071985
41,1474456655102,3.8343401128247416
41,1474457255914,3.8840215530039495
41,1474457856721,3.873859910904302
41,1474458457544,3.8787158930929246
41,1474459057914,4.0537546611975195
41,1474459658671,3.8522628582404708
41,1474460258997,3.637802998802178
41,1474460859312,17.321441185243188
41,1474461460109,3.7283576747231804
41,1474462060932,3.846435509199459
41,1474462661728,3.952203217807155
41,1474463262521,49.03322041558044
41,1474463863296,138.6874712410188
41,1474464464098,99.58731515969154
41,1474465064897,98.74463111841052
41,1474465665704,96.48094626073471
41,1474466266519,97.56050217762086
41,1474466867881,68.61645275364546
41,1474467468693,125.78791990304856
41,1474468068896,126.49031573261259
41,1474468669699,81.9454962487024
41,1474469270620,107.72905886962505
41,1474469871444,56.59672085866491
41,1474470471627,52.12162454009673
41,1474471072436,46.196520659832615
41,1474471673870,30.48913411495755
41,1474472274811,4.824822743980031
41,1474472874831,4.730861470151483
41,1474473475616,4.439582668215334
41,1474474075885,47.049739474119676
41,1474474676674,103.16233198683321
41,1474475276969,98.26584597171885
41,1474475877778,70.91160736715636
41,1474476478065,117.05507143395019
41,1474477078851,72.85050527068513
41,1474477679140,39.442299992725424
41,1474478279430,99.66616581626349
41,1474478879599,58.55690326658104
41,1474479479924,42.035735006115345
41,1474480080737,44.34107742005868
41,1474480681539,21.817794859909412
41,1474481282343,110.21284794238088
41,1474481883145,123.99844813619852
41,1474482483931,75.9539581741484
41,1474483084729,92.19134536482184
41,1474483685533,114.89409820823673
41,1474484285837,43.58486313085424
41,1474484886132,32.65175768707345
41,1474485486932,32.24732316191723
41,1474486087740,42.57788484099463
41,1474486688549,35.99234001651618
41,1474487289357,119.02413452686835
41,1474487890170,65.39850676259246
41,1474488490965,50.541115768301076
41,1474489091775,73.41754607050129
41,1474489692124,104.97139887423472
41,1474490292368,42.36241797966878
41,1474490892966,103.27080683905653
41,1474491493958,55.73920978219771
41,1474492094753,33.31469865785543
41,1474492695546,4.899715335504235
41,1474493296330,4.980599966922161
41,1474493896332,4.56834791504044
41,1474494496624,4.168899098235981
41,1474495096691,4.286811525796726
41,1474495697501,4.191675500475221
41,1474496297802,3.9557385372411624
41,1474496898610,4.059987365248845
41,1474497499417,4.037386155947232
41,1474498100343,3.8368908178012644
41,1474498700866,3.72554670360908
41,1474499301441,3.8457512762531025
41,1474499901937,3.819658245099754
41,1474500502549,3.9066866782152116
41,1474501102988,3.853051629127811
41,1474501703677,3.824188764133024
41,1474502304486,3.8064770255866947
41,1474502904794,4.068209703851921
41,1474503505582,3.68175649308179
41,1474504105929,3.8028363858368257
41,1474504706731,3.9936229939640517
41,1474505307019,3.7364054310938073
41,1474505907824,3.827575155054359
41,1474506507953,3.872089478646198
41,1474507108952,3.909485982446138
41,1474507709232,3.8842689577553906
41,1474508309945,3.783704770292148
41,1474508910330,3.783459225371731
41,1474509511162,3.8089240720941846
41,1474510111461,3.8147100877556843
41,1474510712280,3.9072706237166877
41,1474511312590,3.8717260982824966
41,1474511913392,3.8629427712097217
41,1474512513703,3.939618195315063
41,1474513113725,3.6699835033262174
41,1474513713748,3.900732515803824
41,1474514314555,4.103378626057411
41,1474514915942,3.6584342004092454
41,1474515516985,3.7301773535948684
41,1474516117563,3.94987654982046
41,1474516717847,3.7522878947482
41,1474517318933,3.809982544156113
41,1474517918959,3.9686381787421032
41,1474518519269,3.705660293782846
41,1474519119455,3.6671066490572493
41,1474519720273,3.8704766224936926
41,1474520321086,3.67985816087331
41,1474520921896,3.626580830126515
41,1474521522707,3.774617984497971
41,1474522123535,3.913620289387763
41,1474522724345,3.665901961896258
41,1474523324779,3.700865696314601
41,1474523925508,3.713089258114004
41,1474524525853,3.871229265736784
41,1474525126659,3.534711216178985
41,1474525726939,3.8670552948745134
41,1474526327422,3.963612575791674
41,1474526928236,3.8146928176924866
41,1474527529053,3.9796677272333243
41,1474528129366,3.761166192357423
41,1474528730168,3.6774572012903057
41,1474529330175,3.8110533189402616
41,1474529930982,3.6919626328715274
41,1474530531798,3.7036472517684715
41,1474531131813,4.031184927923999
41,1474531732260,3.7029277654273542
41,1474532332352,3.6950825373655043
41,1474532932701,3.916689421128693
41,1474533532928,3.675083530167311
41,1474534133788,3.773490069755943
41,1474534734598,3.877924717426404
41,1474535334872,3.8454559489546405
41,1474535935686,3.7230562965957383
41,1474536535993,3.9095113781999644
41,1474537136346,3.7460722703894156
41,1474537737164,3.534223868653535
41,1474538337969,3.864513949268183
41,1474538938756,3.6944252841184095
41,1474539539565,3.5987483358260106
41,1474540139998,3.7567076007214153
41,1474540740691,3.9546323429092523
41,1474541341507,3.896551179518704
41,1474541942312,4.134860178788368
41,1474542543137,4.13367451599696
41,1474543143941,3.8980897990679386
41,1474543744738,3.7947870963465222
41,1474544345556,3.7796003393667768
41,1474544946360,3.897560546419597
41,1474545547156,3.7995629365006662
41,1474546147464,30.826679795801873
41,1474546748276,3.7577763472286976
41,1474547349083,3.736856181345419
41,1474547949886,3.9811280534687876
41,1474548550693,82.13691853993485
41,1474549151499,115.36374517774334
41,1474549752294,98.43841930268988
41,1474550352990,96.85202798258564
41,1474550953926,46.04220146992064
41,1474551554738,44.035650847171745
41,1474552155554,55.19036473768144
41,1474552756346,40.150132121495815
41,1474553357144,50.616173070755934
41,1474553957953,51.16806097194392
41,1474554558774,79.30222437866027
41,1474555159586,52.01506055738109
41,1474555760399,33.94829071453283
41,1474556360977,36.80652233376646
41,1474556961990,109.11063962200346
41,1474557562827,48.94329328161645
41,1474558162988,100.52758481287087
41,1474558763983,99.44653536762709
41,1474559364775,92.40829658032561
41,1474559965586,67.4026453230308
41,1474560566386,77.79990972939112
41,1474561166908,90.21443634570184
41,1474561767204,85.44625134040832
41,1474562368356,94.86997568323335
41,1474562969116,116.26106386729514
41,1474563569935,91.22307055795217
41,1474564170751,118.48148857262768
41,1474564771555,68.73807174819082
41,1474565372358,120.80306271770053
41,1474565973148,153.49727147153902
41,1474566573964,138.60284907754098
41,1474567174776,68.86933054195785
41,1474567775589,76.04488264352361
41,1474568376393,90.04660452093667
41,1474568976634,126.73249039136525
41,1474569577433,66.01780635603556
41,1474570178805,41.57385985444446
41,1474570779616,66.69482313229742
41,1474571379860,117.93877748322973
41,1474571980678,20.68420382312075
41,1474572581486,31.22904118094807
41,1474573182829,5.367288987276957
41,1474573783636,4.803718010530438
41,1474574384431,4.72821096630131
41,1474574985229,4.386463721395012
41,1474575586030,4.221560995866817
41,1474576186841,4.425654133737723
41,1474576787648,4.183602608992372
41,1474577387925,4.100111537132928
41,1474577988228,4.125198521478033
41,1474578588557,3.8914344882923535
41,1474579188843,3.903885765542455
41,1474579789650,3.9418904992851345
41,1474580389966,3.9463530070969717
41,1474580990784,3.833340474462683
41,1474581591590,3.868095815210565
41,1474582192410,4.013550373717405
41,1474582792859,3.9146400529833256
41,1474583393671,4.1912380502889715
41,1474583994819,3.758624486788868
41,1474584595637,3.780145785253602
41,1474585196447,3.9864596485200905
41,1474585796748,3.801500112939236
41,1474586397548,3.889835638727086
41,1474586998347,3.9769837456109416
41,1474587599150,3.8564183190163326
41,1474588199957,3.712535407948671
41,1474588800765,3.9040277865355706
41,1474589401087,3.6387885637196975
41,1474590001888,3.792914555789255
41,1474590601949,3.7460913523062715
41,1474591202152,3.8121224858069476
41,1474591802855,3.805143732147594
41,1474592403647,3.7267828953235687
41,1474593004421,3.690071880930968
41,1474593604974,3.7640383188453503
41,1474594205790,3.8614245219787597
41,1474594806852,3.809183674680509
41,1474595407659,3.8149955362521313
41,1474596008465,3.8149804955878857
41,1474596608990,13.742179395634986
41,1474597209792,3.8511416779962966
41,1474597810852,3.933155951313541
41,1474598410915,3.7874307052282115
41,1474599011055,3.79349924997645
41,1474599611859,3.943064512114155
41,1474600212640,3.817960611251182
41,1474600813452,3.6424770380906013
41,1474601413884,3.950704485029103
41,1474602014070,3.892455585463477
41,1474602614377,3.7902129401405764
41,1474603214930,3.768432204583894
41,1474603815979,4.026498753337277
41,1474604416784,3.9386345977791195
41,1474605017115,3.87374691721419
41,1474605617535,3.9693438478989997
41,1474606217611,3.7337232112024337
41,1474606817743,3.8468096950796173
41,1474607418139,3.8200749011074286
41,1474608018920,3.723481734750122
41,1474608619249,3.63933718603667
41,1474609220071,3.9642296648305875
41,1474609820860,3.7394811932649255
41,1474610421636,14.624027687377444
41,1474611021975,3.969690427077505
41,1474611622756,3.8119133854683334
41,1474612223092,3.883665804429247
41,1474612823329,3.9420151302547977
41,1474613423691,3.6938259022050928
41,1474614023946,3.735085755037553
41,1474614624774,3.839363130074813
41,1474615225763,3.9535931706863736
41,1474615825896,3.826024680190513
41,1474616426794,3.6501194663767094
41,1474617027051,3.9752862772151767
41,1474617627892,3.8075831123816393
41,1474618228626,3.835299429467881
41,1474618829440,3.814787539459279
41,1474619429749,3.6839312448873756
41,1474620030105,3.8740187670694164
41,1474620630904,3.8885688425108484
41,1474621231712,3.781534569635867
41,1474621831974,3.7070171567519568
41,1474622432967,3.8393697913143834
41,1474623033112,3.662207097775039
41,1474623633242,3.7279884106056196
41,1474624233649,4.171216603335814
41,1474624834402,3.754753183340573
41,1474625434622,3.8652325342748624
41,1474626034750,3.8497693978028993
41,1474626634952,3.789833960421089
41,1474627235767,3.7200668896353
41,1474627835833,3.989996450971347
41,1474628436634,3.8642465107890644
41,1474629037449,3.7260775058839597
41,1474629637759,4.01470608535939
41,1474630238551,3.8293911241841956
41,1474630839358,3.863216454835194
41,1474631440178,3.8435518458478186
41,1474632040994,3.8700593247756045
41,1474632641800,3.733224030914503
41,1474633241919,3.910204878537141
41,1474633842123,3.6369832134005313
41,1474634442935,3.7951240349961863
41,1474635043755,12.583030545890177
41,1474635644566,13.437412936425838
41,1474636245383,103.44155738461215
41,1474636846196,122.90823657520093
41,1474637447021,57.0920121345578
41,1474638047827,84.19645815082595
41,1474638648643,102.68203418757643
41,1474639249480,4.713181260935074
41,1474639850276,56.17824395152748
41,1474640451120,31.15811597360829
41,1474641051926,36.64771313640283
41,1474641652744,51.10380644977117
41,1474642253571,73.08122292721124
41,1474642854364,49.04334392573189
41,1474643454568,63.6716093661589
41,1474644055502,40.13832251110105
41,1474644656296,82.30782280679715
41,1474645256832,102.5478956573309
41,1474645857402,91.5958965005327
41,1474646458224,57.62641615326443
41,1474647058545,132.86517776915153
41,1474647659372,82.14562393779889
41,1474648260183,40.90544946790773
41,1474648860993,30.36783453334909
41,1474649461809,44.31492023419665
41,1474650062224,69.35846070054016
41,1474650663043,167.52937646238433
41,1474651263850,146.22630316692266
41,1474651864868,36.203137870114325
41,1474652465936,67.80873401278174
41,1474653066744,71.14412993032886
41,1474653667047,41.57575718288832
41,1474654267853,68.55315222647424
41,1474654868663,4.836838442171187
41,1474655468690,5.320567274878457
41,1474656069151,5.896478143674422
41,1474656669964,5.440368510746361
41,1474657270776,4.690220408388269
41,1474657870899,4.331988137512558
41,1474658471691,4.270271274070284
41,1474659072036,4.0824061901179896
41,1474659672200,3.8499854636126956
41,1474660272569,3.986196328753613
41,1474660872792,3.8873808435426143
41,1474661473195,3.908783777241891
41,1474662073888,3.9055587492935766
41,1474662674291,4.024762324680909
41,1474663274995,4.020982147387492
41,1474663875395,3.719250321466699
41,1474664475845,3.94401939161322
41,1474665076130,3.8591867802146838
41,1474665676922,3.7374713000424387
41,1474666276988,3.828959833361078
41,1474666877790,3.7376369437473778
41,1474667478613,3.81244156122752
41,1474668079410,3.7901154387946163
41,1474668679697,3.7565484379995846
41,1474669279976,3.7411346758855197
41,1474669880299,3.9400022562602905
41,1474670481119,3.814036570312156
41,1474671081507,3.8050057147312883
41,1474671681626,3.7055966383521417
41,1474672281977,4.001093140737907
41,1474672882742,3.8142537376044507
41,1474673483560,3.6716749197574314
41,1474674083956,4.0283756536138755
41,1474674684385,3.8592151235696894
41,1474675285967,3.786830001522026
41,1474675886777,3.693026165681867
41,1474676487577,3.7875933949125704
41,1474677088408,3.867637559006327
41,1474677688729,3.875008023107951
41,1474678289529,3.952620051658161
41,1474678890815,3.8507278280718635
41,1474679491615,3.7967273375811947
41,1474680091983,3.784063386653211
41,1474680692798,3.9496332982082123
41,1474681293578,3.8430010944248387
41,1474681894319,3.6728698551515406
41,1474682494991,3.8986884015133514
41,1474683095436,3.973605354190164
41,1474683696251,3.943086081962855
41,1474684296522,3.8968159292578806
41,1474684897868,3.991019710825024
41,1474685498677,3.9509426695846406
41,1474686099478,3.5654637524343995
41,1474686700298,3.7250873751044744
41,1474687301108,3.8360374663926584
41,1474687901916,3.6900604675127275
41,1474688502749,3.810615204193314
41,1474689103541,3.8619551956769245
41,1474689704354,3.5132689963364205
41,1474690305156,3.6550078649587014
41,1474690905980,3.727761750450224
41,1474691506779,3.5710827503501648
41,1474692107615,3.7799229797482448
41,1474692708421,3.911350672707323
41,1474693309237,3.6215216011595635
41,1474693909668,3.8524469974686126
41,1474694510350,3.718519992680092
41,1474695110986,3.6168524943643128
41,1474695711020,3.760246034606137
41,1474696311785,3.604806329195879
41,1474696912586,3.7703728779441845
41,1474697512805,3.8209984869681377
41,1474698114538,3.9426592953514255
41,1474698714992,3.7820771850915778
41,1474699315284,3.591720062188584
41,1474699915983,3.636134571435072
41,1474700516913,3.8174935537056363
41,1474701117724,3.5803799031972874
41,1474701717741,3.7344381768455563
41,1474702318221,3.6929984828797147
41,1474702918836,3.716270246641519
41,1474703519323,3.719797786407134
41,1474704119972,3.693268724505272
41,1474704720451,3.7781456687798447
41,1474705321089,3.6689464096053515
41,1474705921092,3.5847988311296985
41,1474706521150,3.6431038739687382
41,1474707121947,3.8082231313709607
41,1474707722770,3.7500644869147473
41,1474708323581,3.759325613657586
41,1474708923877,3.6641600217920898
41,1474709524689,3.7955964842929397
41,1474710125479,3.6015502760194282
41,1474710725589,3.7255491203524045
41,1474711325999,3.8723845163013118
41,1474711926703,3.7151716157964065
41,1474712527329,3.759038353539986
41,1474713127837,3.6849189082313742
41,1474713728474,3.7427171450138936
41,1474714328960,3.743946201778897
41,1474714929569,3.7354765432655035
41,1474715530080,3.5990433162423336
41,1474716130705,3.602276197711002
41,1474716731195,3.878213028167651
41,1474717331831,3.7307787170239997
41,1474717931842,3.5819151630471957
41,1474718532659,3.7982396730130406
41,1474719133472,3.812153919312249
41,1474719734291,3.692622722297956
41,1474720334550,3.7489998270055502
41,1474720934686,3.8277397157942668
41,1474721535158,3.7117989796096693
41,1474722135794,3.6116841445495096
41,1474722736266,3.7353346950248216
41,1474723336877,3.7327917038359972
41,1474723937399,3.7622217102793023
41,1474724537494,3.8846267416533555
41,1474725137813,3.579069982149927
41,1474725738633,3.5890914161908016
41,1474726339440,3.8087994776732694
41,1474726940252,3.6181320052543797
41,1474727540768,3.7365599040466835
41,1474728141881,3.8569858880261507
41,1474728741881,3.660737052593182
41,1474729342066,3.681005934702193
41,1474729942878,3.771000255697268
41,1474730543664,3.657717431396305
41,1474731144462,3.681165628794253
41,1474731744952,3.815764003631461
41,1474732345556,3.7819880295288817
41,1474732945766,3.7357607962640564
41,1474733546280,3.7825383066439207
41,1474734146861,3.7824849094770556
41,1474734746874,3.7487706766632662
41,1474735347683,3.626650508697911
41,1474735948487,3.6784965191601176
41,1474736548615,3.678590227341986
41,1474737148714,3.74497081439736
41,1474737748775,3.612364523416202
41,1474738349578,3.676463633903233
41,1474738950821,3.6852565067690457
41,1474739550978,3.639789865940491
41,1474740151930,3.8622142329840976
41,1474740752464,3.721372368295036
41,1474741353054,3.6385500071040093
41,1474741953583,3.705810988239802
41,1474742554170,3.925987310564904
41,1474743154696,3.7135011630750028
41,1474743755266,3.879258801240411
41,1474744355810,3.764385216037873
41,1474744955960,3.636352528469229
41,1474745556908,3.7025128998920964
41,1474746157475,3.8863400878564818
41,1474746758022,3.58103272724606
41,1474747358220,3.8282631919937424
41,1474747959035,3.979389319647548
41,1474748559836,3.799296978089596
41,1474749160636,3.7384632113167733
41,1474749760821,3.71153728562403
41,1474750361069,3.842941263115571
41,1474750961584,3.672784443826477
41,1474751562198,3.7992048789513873
41,1474752162689,3.686422640310469
41,1474752763487,3.7269546981290285
41,1474753363846,3.8947648617053003
41,1474753964960,3.66946922362325
41,1474754565415,3.6394352097403013
41,1474755165792,3.6728769518656437
41,1474755766803,3.606220258789574
41,1474756366903,3.6346509716631217
41,1474756967466,3.6362280153609445
41,1474757567693,3.7195124267857658
41,1474758168127,3.5169847995985775
41,1474758768381,3.6227910585675565
41,1474759368933,3.839578100984928
41,1474759969482,3.613226219549953
41,1474760570023,3.666979633801231
41,1474761170595,3.6458400552032124
41,1474761770662,3.6724939058589614
41,1474762371881,3.582712001022481
41,1474762972692,3.7543011335209746
41,1474763572695,3.743119824697769
41,1474764173884,3.694676262785697
41,1474764774991,3.5973333688488767
41,1474765375801,3.684620034199284
41,1474765976623,3.8365692479585745
41,1474766576634,3.666576975246822
41,1474767177447,3.7775639706715056
41,1474767777948,3.5797915243433662
41,1474768378534,3.696838956672644
41,1474768978650,3.6642641580227995
41,1474769578730,3.6564717030392657
41,1474770179549,3.596558702681034
41,1474770779974,3.817587846534722
41,1474771380513,3.705992492485911
41,1474771981944,3.552770813299304
41,1474772582752,3.8793069670600024
41,1474773183549,3.678825337256508
41,1474773783587,3.6845960491016725
41,1474774384863,3.726229751084863
41,1474774985450,3.9562256174552255
41,1474775586267,3.5679558640213793
41,1474776186578,3.766813981089809
41,1474776787374,3.737434506169354
41,1474777388171,3.7962373337174933
41,1474777988996,3.7822753093427295
41,1474778589790,3.6745591503016386
41,1474779190623,3.660747602425623
41,1474779791428,3.7793780604484914
41,1474780392224,3.573517892133876
41,1474780993022,3.610346180340332
41,1474781593843,3.8918316433700753
41,1474782194633,3.6676283040285704
41,1474782795459,3.756627211442668
41,1474783395993,3.6350779103284743
41,1474783996074,3.725019051763953
41,1474784596882,3.600728194850658
41,1474785197693,3.8420822462423176
41,1474785797989,3.620595873649612
41,1474786398804,3.630146472015216
41,1474786999608,3.7541472585055238
41,1474787600970,3.6369983465548237
41,1474788201759,3.69846316963804
41,1474788802581,3.7551348003112586
41,1474789402873,3.6365314598570513
41,1474790003669,3.650690839915408
41,1474790604150,3.6829332353262623
41,1474791204787,3.6695564753451477
41,1474791805289,3.7301779890585776
41,1474792405911,3.792430645730936
41,1474793006399,3.47678269231233
41,1474793607021,3.6093185130407965
41,1474794207498,3.782838992077642
41,1474794807961,3.6932390311741585
41,1474795408591,3.6626958960117797
41,1474796008735,3.687351064233999
41,1474796609066,3.730959481754484
41,1474797209881,3.757116624176347
41,1474797810683,3.77318575283606
41,1474798410931,3.7428648335032038
41,1474799011739,3.7457768397678635
41,1474799612539,3.650137998881758
41,1474800213907,3.765263654445236
41,1474800814197,3.7144374036414143
41,1474801414452,3.7355137988117306
41,1474802015832,3.6690703090889714
41,1474802616300,3.7169772208471246
41,1474803216965,3.5283680445549486
41,1474803817773,3.618510667702963
41,1474804417923,3.6929694928314745
41,1474805018940,3.5896994120432915
41,1474805619611,3.761798776145736
41,1474806219966,3.728900848252015
41,1474806820704,3.603435107840942
41,1474807421171,3.6653980297269575
41,1474808021809,3.532431711557593
41,1474808622279,3.8620789304981464
41,1474809222928,3.881260678734641
41,1474809823733,3.6434057115284504
41,1474810424541,3.605506306549669
41,1474811025356,3.716887208210493
41,1474811626151,3.527220979327324
41,1474812226631,3.7366152723633776
41,1474812827299,3.5661851732806076
41,1474813427757,3.5607991767210585
41,1474814028404,3.70299413566278
41,1474814629219,3.6582156070193337
41,1474815230031,3.6296964100775306
41,1474815830473,3.6861713280833746
41,1474816431124,3.817463164573707
41,1474817031225,3.7075142101778233
41,1474817631902,3.714409567413371
41,1474818232841,3.7348237928728105
41,1474818832851,3.710050384563945
41,1474819432944,3.7754379954999187
41,1474820033741,3.733143555443786
41,1474820633896,3.8146738132686826
41,1474821234524,3.7902341237495576
41,1474821835314,3.7393826490470397
41,1474822435826,3.6374936421092583
41,1474823036917,3.7673357793225093
41,1474823636965,3.6650383496131873
41,1474824237784,3.6949950845200883
41,1474824838872,3.65880832762125
41,1474825439659,3.8738729848555904
41,1474826040492,3.75896684382586
41,1474826640918,3.5960442708609883
41,1474827241579,3.746872077170912
41,1474827842030,3.673027712452555
41,1474828442734,3.7205904414408755
41,1474829043149,3.820139628728241
41,1474829643326,3.7777316396807343
41,1474830243777,3.7971040848464908
41,1474830843855,3.791921964401154
41,1474831444462,3.825199040068682
41,1474832045282,3.64645064537041
41,1474832645970,3.8580523501040376
41,1474833246515,3.6676373573238954
41,1474833847221,3.781979576530052
41,1474834447759,3.9240044600609054
41,1474835048852,3.6559236951751637
41,1474835649661,3.792799490779907
41,1474836249809,3.745325064629931
41,1474836850499,3.839257930311633
41,1474837450931,3.6088016407205203
41,1474838051620,3.894908737402293
41,1474838651951,3.703959278208847
41,1474839252767,3.4921280516726454
41,1474839853639,3.639960288846821
41,1474840454335,3.6740222969673892
41,1474841054818,3.762744262066294
41,1474841655949,3.50640503533958
41,1474842256355,3.9104914520502163
41,1474842857051,3.7498588446186276
41,1474843457469,3.8185607985929644
41,1474844057528,3.7467661819320903
41,1474844658323,3.6270616942755787
41,1474845259131,3.5721956029226347
41,1474845859917,3.7192866700539033
41,1474846460705,3.645335582301186
41,1474847060782,3.5324468944570078
41,1474847661484,3.705819515750214
41,1474848262298,3.753108329878514
41,1474848862990,3.6400806250154067
41,1474849463499,3.6759925211877316
41,1474850064216,3.7699998744129233
41,1474850665020,3.7587233527400072
41,1474851265851,3.719185449442307
41,1474851866638,3.6009633154992984
41,1474852467450,3.6072489584737584
41,1474853068232,3.744226926393754
41,1474853669814,3.7825089699149514
41,1474854270575,3.6735218992036045
41,1474854870924,3.7209781499541954
41,1474855471717,3.6901538206141757
41,1474856072515,3.582293067277186
41,1474856672882,3.707493103798236
41,1474857273611,3.634079127027512
41,1474857873871,3.765075433119484
41,1474858474026,3.6140771689004048
41,1474859074406,3.7446995525596605
41,1474859675117,3.6975616774621196
41,1474860275500,3.708854215872191
41,1474860875950,3.5810101846087283
41,1474861476741,3.7553991115993215
41,1474862076882,3.621638565997938
41,1474862677785,3.646978675255054
41,1474863277898,3.7848568402708223
41,1474863878135,3.7187251894251245
41,1474864478963,3.690034575965653
41,1474865079766,3.7725365577271424
41,1474865680574,3.873486516097313
41,1474866280957,3.6546497754902854
41,1474866881040,3.757811740448326
41,1474867481851,3.61917131356266
41,1474868082224,3.649130770406617
41,1474868682496,3.79337884083436
41,1474869282834,3.607164826291865
41,1474869883672,3.719382192838052
41,1474870484482,3.805231195060538
41,1474871085286,3.642767423111478
41,1474871685953,3.632562170312749
41,1474872286525,3.5668416163485497
41,1474872887174,3.7362137902468566
41,1474873487514,3.6261100358406515
41,1474874087670,3.7380634924486373
41,1474874688028,3.7812713388377164
41,1474875288761,3.6746753167569204
41,1474875889560,3.7422339950010732
41,1474876489842,3.689577001187433
41,1474877090643,3.6354422473139203
41,1474877691993,3.581506678810276
41,1474878292783,3.761452525213121
41,1474878893087,3.5992510765225645
41,1474879493876,3.636607937130934
41,1474880094670,3.8605867733162995
41,1474880694922,3.6998504007964845
41,1474881294977,3.710351385126296
41,1474881895806,3.6913337340067494
41,1474882496562,3.6784447276970567
41,1474883096912,3.735994308394401
41,1474883697662,3.480807021970427
41,1474884298004,3.695951224264937
41,1474884898783,3.6414773630757886
41,1474885499124,3.5136035486102344
41,1474886099878,3.684629501787952
41,1474886700232,3.7424798610083934
41,1474887301000,3.771887959786323
41,1474887901800,3.828592992986072
41,1474888502585,3.7182421673318147
41,1474889102933,3.6217545700119813
41,1474889702976,3.778788456223409
41,1474890303795,3.727017683362206
41,1474890904610,3.6038496288129935
41,1474891504628,6.6588174238847255
41,1474892105901,3.706476441978386
41,1474892706707,53.333427946584024
41,1474893307865,90.16180449718198
41,1474893908578,80.69086563409823
41,1474894509005,5.236145909895262
41,1474895109816,4.031664986832265
41,1474895710644,3.634520553924797
41,1474896311451,3.608010292408064
41,1474896911873,3.8464587284173875
41,1474897512668,3.802701324223537
41,1474898112980,3.620535372647429
41,1474898713812,3.8108533700044127
41,1474899314635,3.9250868804963317
41,1474899915432,3.695716957470929
41,1474900516253,3.7144675949348644
41,1474901117955,3.784196883446774
41,1474901718544,3.7515735507731263
41,1474902318675,3.806723168727477
41,1474902919901,3.686442187134091
41,1474903520720,3.686005694609411
41,1474904121535,3.7612627140359622
41,1474904721873,3.881685500235193
41,1474905322671,10.122655495921972
41,1474905923488,87.40303361255239
41,1474906524804,54.07103234154564
41,1474907125623,35.31417616354936
41,1474907725935,57.67203921225238
41,1474908326828,51.147395316300525
41,1474908927603,36.89799850816892
41,1474909528404,102.41416417426316
41,1474910129216,67.70927820143275
41,1474910729548,4.386133575512901
41,1474911329850,4.140094162539247
41,1474911930160,3.8912868772171465
41,1474912530972,3.9194469243191734
41,1474913131772,3.924214855085588
41,1474913732581,3.6258711685209932
41,1474914333387,17.878642258734708
41,1474914934192,43.15818321782869
41,1474915534978,97.29477649176783
41,1474916135797,56.20722659250866
41,1474916736091,53.191753614882565
41,1474917336895,125.88693752248555
41,1474917937183,106.10265073660155
41,1474918537995,98.9881950739227
41,1474919138308,47.46025603629771
41,1474919738674,4.303637261769223
41,1474920339452,4.457002964904739
41,1474920940245,4.39222226027998
41,1474921541037,4.2348187877898855
41,1474922141830,3.935151058501945
41,1474922742649,4.009963366814426
41,1474923343432,4.012034080903635
41,1474923943719,3.7292009018878267
41,1474924544553,3.9756844359461083
41,1474925144843,3.8329292873480325
41,1474925745657,3.844516915703636
41,1474926346458,4.0029476780389555
41,1474926947270,3.8944933195838636
41,1474927548072,3.9576079160984508
41,1474928148880,3.763950558623363
41,1474928749689,3.8605540979280377
41,1474929350499,3.8608532541995295
41,1474929950807,3.697478233295931
41,1474930551621,3.620660187357461
41,1474931151903,3.6901005384218046
41,1474931752700,4.170794390969192
41,1474931820829,3.966791484143099
41,1474932421632,3.9600100083475303
41,1474933022434,3.788190045545277
41,1474933623211,3.7727087498240826
41,1474934223737,3.743549050583545
41,1474934824811,3.684704218004837
41,1474935425620,3.840293907907781
41,1474936026427,3.617237970221267
41,1474936626981,3.971833324467679
41,1474937227519,3.760026803886947
41,1474937828337,3.7612565452362183
41,1474938428910,3.910533554436866
41,1474939029940,3.7890623303209288
41,1474939630740,3.69811474029686
41,1474940231550,3.7517750421526257
41,1474940832356,3.823904988214862
41,1474941432918,3.6488535302177567
41,1474942033959,3.7659229383533974
41,1474942634767,3.8569226783566095
41,1474943235069,3.7783874716799084
41,1474943835852,3.776521482812801
41,1474944436652,3.863610407226246
41,1474945037461,3.6206847861711395
41,1474945638268,3.7399405999162654
41,1474946239074,3.718944539506623
41,1474946839842,3.8027547732282256
41,1474947440680,3.89315098125975
41,1474948041478,3.7561475483304805
41,1474948642296,3.581801142997814
41,1474949242525,3.80919349223713
41,1474949842962,3.75534869465598
41,1474950443785,3.74148515860698
41,1474951044092,3.6766521095067004
41,1474951644904,3.872061740276904
41,1474952245710,3.7257044043231944
41,1474952846522,3.789099703496091
41,1474953446836,3.674301547280252
41,1474954047164,3.7670828658344027
41,1474954647985,3.896515037067079
41,1474955248786,3.8144211814770763
41,1474955849608,3.5629500331178554
41,1474956450420,3.828843289963095
41,1474957051224,3.7976679975138716
41,1474957651919,3.624306487133398
41,1474958252844,3.76273073737609
41,1474958853665,3.825964288621944
41,1474959454490,3.813975400436509
41,1474960055308,3.55390032812993
41,1474960655949,3.8248265715028085
41,1474961256928,3.82438951394625
41,1474961857237,3.7881496449167393
41,1474962458059,3.8320111784281066
41,1474963058366,3.699492073172736
41,1474963659191,3.6384475508017218
41,1474964259994,3.9232446929826827
41,1474964860816,3.6498794535057764
41,1474965461635,3.6752893029687486
41,1474966062445,3.6581615015862354
41,1474966662920,3.8568459973123823
41,1474967263237,3.722908278136507
41,1474967864885,3.6475947016791928
41,1474968465212,3.6174545719283593
41,1474969066014,3.602608013840707
41,1474969666840,3.845856223048289
41,1474970267658,3.6731855022003663
41,1474970868479,3.7748019200569436
41,1474971469275,3.746423244499102
41,1474972070108,3.8075193679747024
41,1474972670927,3.637368089559108
41,1474973271226,3.7892666639475947
41,1474973872045,3.8660901721831147
41,1474974472841,3.637509011451722
41,1474975073657,3.8808290316587337
41,1474975674478,3.586791781847384
41,1474976275286,3.626175114814147
41,1474976876114,3.9527667650488083
41,1474977476938,3.8166093820303346
41,1474978077760,3.7048304764782367
41,1474978678585,3.6361922366636876
41,1474979279393,3.981297079299736
41,1474979880195,3.690633435054591
41,1474980480969,3.686420390912585
41,1474981081830,53.65328149027719
41,1474981682153,143.44462930147773
41,1474982282955,98.28709484858338
41,1474982883789,56.87117361664191
41,1474983484616,35.76427481767188
41,1474984085432,4.0606582114938305
41,1474984685948,4.155667247190995
41,1474985286313,3.882047581442393
41,1474985887881,3.808216434256894
41,1474986488678,3.8418780114778786
41,1474987089516,3.694711674990013
41,1474987690316,3.8260535822038784
41,1474988290932,3.920620728861926
41,1474988891960,3.6552395322866973
41,1474989492782,3.6420362361385825
41,1474990093628,3.801574721540869
41,1474990694407,3.6504486983031073
41,1474991294949,3.9094718383267457
41,1474991895756,3.7196824384719833
41,1474992495912,3.875092423384898
41,1474993096714,10.698327761272624
41,1474993697520,96.78769857656445
41,1474994298974,113.58578992355744
41,1474994899603,81.54235944146753
41,1474995499929,58.932230970016555
41,1474996100727,129.09892380901195
41,1474996701565,72.79740464254387
41,1474997302370,29.047422017986168
41,1474997903175,48.64379666361929
41,1474998503989,50.66729531372131
41,1474999104828,64.88847532845364
41,1474999705628,95.93290518544158
41,1475000306458,67.46970308578729
41,1475000907284,80.76042547062961
41,1475001507605,101.56193049671381
41,1475002108398,140.4166581119202
41,1475002709216,137.56446695795753
41,1475003310016,105.44278116163473
41,1475003910832,119.87585503652163
41,1475004511657,41.95938592532017
41,1475005112449,4.213836122023012
41,1475005713288,4.106545978963254
41,1475006314098,5.513676062414985
41,1475006914907,4.310859708143583
41,1475007515717,4.0131553082445945
41,1475008116035,3.955700605251098
41,1475008716848,3.7214443937555854
41,1475009317661,3.8348269656016583
41,1475009918478,3.93292821655334
41,1475010518798,3.738610094181645
41,1475011119623,3.9323199032333087
41,1475011720436,3.710749918962455
41,1475012321971,3.755467133597059
41,1475012922763,3.676705434044983
41,1475013523562,3.798172927725106
41,1475014124360,3.7696260333848315
41,1475014724843,3.84564199150108
41,1475015324981,3.76756275573591
41,1475015925636,3.927542882038714
41,1475016526370,3.745222958432025
41,1475017126877,3.817534496985578
41,1475017727692,3.815725489631884
41,1475018328892,3.8783649791406005
41,1475018929678,3.9053651905633657
41,1475019530492,3.746557274708789
41,1475020131034,3.728989166984095
41,1475020731618,3.7933008044608827
41,1475021332433,3.823831353741588
41,1475021932855,3.676313726530215
41,1475022533663,3.798549587177777
41,1475023134898,3.611821587890867
41,1475023735715,3.8926450177760485
41,1475024336541,3.602726087837535
41,1475024937409,3.7392346467572373
41,1475025538170,3.836022661844781
41,1475026138978,3.7092431440765496
41,1475026739292,3.6869775230709108
41,1475027340091,3.824227980120451
41,1475027940909,3.9853080164714902
41,1475028541722,3.6229843007717433
41,1475029142547,3.7686021499093174
41,1475029743366,3.8901940045309713
41,1475030344176,3.833589566220256
41,1475030944996,3.763841891723582
41,1475031545786,4.08220711788506
41,1475032146602,3.8354932076875095
41,1475032747416,3.7695789941739997
41,1475033348948,3.7802203176038276
41,1475033948988,3.7278912987473176
41,1475034549858,3.7772314094083987
41,1475035150675,3.791502423889496
41,1475035751465,3.7830471114706463
41,1475036351778,3.6372549860337786
41,1475036952592,3.7666442576836383
41,1475037553415,3.8254399425144014
41,1475038153688,3.7661706370437806
41,1475038754530,3.8716429764867946
41,1475039354858,3.7566225859617495
41,1475039955563,3.8217522458058233
41,1475040555996,3.612273809975109
41,1475041156826,3.816681630794828
41,1475041757619,3.8712405003185224
41,1475042357971,3.8428521347523263
41,1475042958735,3.77289091620374
41,1475043558968,3.8036926893935523
41,1475044159786,3.720664476174844
41,1475044760595,4.0028939264148
41,1475045361982,3.6814108249928865
41,1475045962817,3.8162866074738724
41,1475046562980,3.940548172934438
41,1475047163772,3.810415756463923
41,1475047764060,3.565292138643501
41,1475048364861,3.807094326656729
41,1475048965171,3.6629233785671835
41,1475049565974,3.8689582383174406
41,1475050166769,3.7685018382008293
41,1475050767591,3.770252726095314
41,1475051367898,3.6873451479334505
41,1475051968703,3.7361957669127683
41,1475052569007,3.751551867430252
41,1475053169812,3.864960341649713
41,1475053770620,3.9531033944095824
41,1475054371011,3.8339059145203542
41,1475054971739,3.705270780450347
41,1475055572551,3.886551550453853
41,1475056173357,3.7234675829221295
41,1475056774149,3.66058344170832
41,1475057374467,3.729286651691671
41,1475057975278,3.808115366581993
41,1475058575589,3.6456712651918712
41,1475059176384,3.745409926601571
41,1475059776702,3.7397391801137907
41,1475060377505,3.714441896229206
41,1475060977806,3.7419829806321445
41,1475061578601,3.741223169926646
41,1475062178932,3.6150828512247974
41,1475062779741,3.7542137002353257
41,1475063380550,11.836267111884156
41,1475063981379,53.44771443914385
41,1475064581675,82.59281021131386
41,1475065181888,56.224031057085995
41,1475065782774,91.73178592577129
41,1475066383593,66.59727331257294
41,1475066983840,21.180563286502064
41,1475067584644,4.008183232279974
41,1475068185498,4.049257819551294
41,1475068786317,4.058412745659638
41,1475069386621,3.753113588313216
41,1475069987430,3.6461894269667425
41,1475070588242,3.831145865337291
41,1475071188544,3.8604706810093306
41,1475071788850,3.7482582618381324
41,1475072389107,3.863240703777172
41,1475072989929,3.7940684493538184
41,1475073590723,3.762833069340851
41,1475074191516,3.6821995098005957
41,1475074791879,3.8908576983438152
41,1475075391887,3.8658310422464788
41,1475075992677,3.8102603172856826
41,1475076593485,3.7185040764117367
41,1475077194316,3.7280400913079093
41,1475077795881,3.7921659685689404
41,1475078395906,9.025784877421765
41,1475078996704,64.63865266903287
41,1475079596968,59.802023621290616
41,1475080197814,3.8112063822934323
41,1475080798956,3.8574966486125932
41,1475081399262,3.698556228545435
41,1475081999745,3.7582329325480486
41,1475082599932,3.964189675049173
41,1475083200720,3.957268394276337
41,1475083800741,3.7556994009800504
41,1475084401309,3.8134409409644774
41,1475085001690,3.942046633764003
41,1475085602246,3.9458801735161324
41,1475086202299,3.9475487348817864
41,1475086802445,3.781798693395099
41,1475087403904,4.110211245076765
41,1475088004199,3.60374305241274
41,1475088604484,3.6211715183060003
41,1475089205816,3.8610112103100995
41,1475089805997,3.8108409941000887
41,1475090406927,20.604966126250986
41,1475091007746,3.95707415784804
41,1475091608942,3.7434957254481227
41,1475092209340,3.8277638114122396
41,1475092809667,3.8239112804041744
41,1475093409729,3.7648042936976673
41,1475094009802,3.951681842253265
41,1475094610416,3.8221385925645124
41,1475095210708,3.700023423538802
41,1475095811500,3.7240723910187894
41,1475096412321,3.726764656902045
41,1475097012856,3.7295119825411973
41,1475097613914,3.938485722555714
41,1475098213977,3.861824667971009
41,1475098814772,3.8756816801670944
41,1475099415072,3.722087865650294
41,1475100015852,3.9800516071238183
41,1475100616153,3.7588969774407013
41,1475101216910,3.64703096779784
41,1475101817241,3.887296460548324
41,1475102417355,3.809720263365181
41,1475103017710,3.966367363597352
41,1475103618475,3.7649318106446494
41,1475104218800,3.818910741732041
41,1475104819593,3.849978326931349
41,1475105419923,3.85581231908161
41,1475106020737,3.78746233481406
41,1475106621535,3.9429358473648954
41,1475107222026,3.7249557296897295
41,1475107822664,3.710947242416515
41,1475108423477,3.75582278664126
41,1475109023732,3.824655151834924
41,1475109624519,3.88450154923869
41,1475110224828,3.8001468506372698
41,1475110825576,3.7301857169037334
41,1475111425881,3.747980054904228
41,1475112026149,3.982677764357498
41,1475112626471,3.5960536763652917
41,1475113226892,3.642398372034709
41,1475113827076,3.966339560165731
41,1475114427264,3.7721486053574096
41,1475115027783,3.610192453678656
41,1475115628580,3.897367346529049
41,1475116229378,3.730114938708976
41,1475116830164,3.7506005043328456
41,1475117430965,3.7737635978832977
41,1475118031771,3.7314074224907445
41,1475118631889,3.73091805564171
41,1475119231938,3.7507562332957654
41,1475119832288,3.9888636366560477
41,1475120432605,3.796622518811654
41,1475121033430,3.6481742218715127
41,1475121634237,3.9245679931335857
41,1475122234767,3.7351018685255637
41,1475122834890,3.6756023679722176
41,1475123435489,3.7395940080536447
41,1475124036282,3.635495085516246
41,1475124636807,3.7360676598330165
41,1475125237893,3.8089943742443197
41,1475125838705,3.785800283621189
41,1475126439505,3.6802685483578337
41,1475127040310,3.75606366460772
41,1475127640840,3.4710597370134506
41,1475128241930,3.7090809755571703
41,1475128842731,3.804634566170806
41,1475129443031,3.943273978139028
41,1475130043840,3.714044546378909
41,1475130644651,3.641007597641533
41,1475131245443,3.855314386373783
41,1475131845983,3.656436322913257
41,1475132446979,3.752165944876039
41,1475133047329,3.8252047018230177
41,1475133648130,3.6347289535885423
41,1475134248926,3.730524575354579
41,1475134849724,3.7128443914792277
41,1475135450529,3.8035018448520015
41,1475136051328,3.7413548439070086
41,1475136652146,3.8445400317372544
41,1475137252950,3.726849096878749
41,1475137853240,3.8984391467750696
41,1475138453548,3.789992429956628
41,1475139053913,3.681134328260233
41,1475139654651,3.6851625225016327
41,1475140255450,3.9033567133030864
41,1475140855880,3.7961491634488658
41,1475141456703,3.7372517913707766
41,1475142057863,3.667494897489747
41,1475142658680,3.7152967602762614
41,1475143259485,3.8279006235640716
41,1475143860280,3.7812352525132042
41,1475144461082,3.913288415076213
41,1475145061413,3.8663845630322946
41,1475145662195,3.8656288545771282
41,1475146262990,4.025795711395583
41,1475146863793,3.6428561012824368
41,1475147463839,3.7828845688435058
41,1475148064652,3.8003926810048525
41,1475148665468,3.622364224323578
41,1475149266288,9.673536470997265
41,1475149867809,21.072790813663666
41,1475150467913,45.60166170937952
41,1475151068735,78.97219615262178
41,1475151669533,65.5992305860798
41,1475152270337,59.158644606345355
41,1475152871849,61.85834850843298
41,1475153471985,79.7240224634851
41,1475154072785,96.85404832316135
41,1475154673598,115.7381117646926
41,1475155273879,86.6780232470446
41,1475155874967,65.94206237604324
41,1475156475072,83.46059426729485
41,1475157075321,73.75854344302546
41,1475157675652,58.06519277828136
41,1475158276467,76.93241756877403
41,1475158877271,113.82700858011344
41,1475159477567,88.48379645470712
41,1475160078873,95.47383335374124
41,1475160679673,149.0542113565462
41,1475161280480,20.34733623174174
41,1475161881288,124.94890762818761
41,1475162482105,69.2595407788778
41,1475163082913,75.35290234840048
41,1475163683744,31.913648833839694
41,1475164284546,37.70446322144355
41,1475164884976,108.19047576881034
41,1475165485671,101.75331951316001
41,1475166086483,36.609220692556775
41,1475166686498,62.93157665116935
41,1475167287176,110.34026952590666
41,1475167887601,122.5303113557615
41,1475168488247,97.87733203698599
41,1475169088684,56.30364894833072
41,1475169689375,36.399123592318496
41,1475170289786,83.95561162673647
41,1475170889788,57.823427160444886
41,1475171490574,67.95084538903033
41,1475172091344,52.27570839384415
41,1475172691963,43.890979813720804
41,1475173292907,119.36059088633931
41,1475173893689,106.56785872116055
41,1475174493763,68.71206622043421
41,1475175094056,48.88749515626113
41,1475175694443,4.439031396702866
41,1475176294719,4.323647114803924
41,1475176895526,4.257503856942174
41,1475177496345,4.153088325937404
41,1475178096934,4.109099059527647
41,1475178697980,4.1318109274652866
41,1475179298777,3.8054059634287043
41,1475179899599,3.9699743805956658
41,1475180500236,4.200416613732236
41,1475181100704,3.8199263537759274
41,1475181701512,3.77642417666817
41,1475182301596,3.8804613406098176
41,1475182902625,3.9132280147357528
41,1475183502689,3.733496204370411
41,1475184103344,4.0179056689885995
41,1475184703439,3.938103697398501
41,1475185304313,3.814869822548251
41,1475185904916,3.9148357393207354
41,1475186504965,3.826079722601906
41,1475187105779,4.00491938982904
41,1475187706592,3.710066584548804
41,1475188307394,3.8329993502335915
41,1475188908215,3.8440104208203016
41,1475189509013,3.656572609406845
41,1475190109831,3.807543349032361
41,1475190710635,3.8635494792952203
41,1475191311427,3.6850471064196397
41,1475191911465,3.8547399722739306
41,1475192512104,3.5391217926286567
41,1475193112565,3.70923528792013
41,1475193713226,3.794239323161494
41,1475194313673,3.5821017134522757
41,1475194914316,3.8952344437505517
41,1475195514765,3.8729516307165532
41,1475196115396,3.793272006138993
41,1475196715867,3.682863913223445
41,1475197315868,3.9317393143041244
41,1475197915982,3.690305919361735
41,1475198516082,3.6879945109345558
41,1475199116422,3.8614889661805045
41,1475199717000,3.9280453421180432
41,1475200317802,3.855381731113352
41,1475200918102,3.794468204926292
41,1475201518911,4.161051486274926
41,1475202118941,14.545106979208583
41,1475202718992,4.068577124048941
41,1475203319899,3.8316854413975365
41,1475203920727,3.9096459671835446
41,1475204520908,3.9045465180106964
41,1475205121403,3.604694586538449
41,1475205721557,3.708969483580211
41,1475206322369,3.7202180553307187
41,1475206923190,3.675622382921234
41,1475207524011,3.6230890077607194
41,1475208124843,3.842470195481495
41,1475208725620,3.8042372018982604
41,1475209326444,3.682713710664384
41,1475209926970,3.9629321228098378
41,1475210527652,3.8063304022355195
41,1475211128898,3.7231087927830044
41,1475211729723,3.8072189591964247
41,1475212330520,3.6095899160379283
41,1475212931317,3.665604797470505
41,1475213531792,3.992381245655153
41,1475214132935,3.86234732297023
41,1475214733740,3.725098787097368
41,1475215334817,3.9206619274093826
41,1475215935326,3.8615345940469736
41,1475216535938,3.757424405723983
41,1475217136447,3.7687238642667595
41,1475217736474,25.988915333596303
41,1475218337303,3.7213126244636685
41,1475218938896,3.804819441056259
41,1475219538939,3.845017197728666
41,1475220139524,3.959718753901742
41,1475220740079,3.730683043608279
41,1475221340904,3.8879727829723763
41,1475221941713,3.7160808177235287
41,1475222542525,3.703102840050493
41,1475223142795,3.8947972749967548
41,1475223743050,3.815432015964717
41,1475224343905,3.722710150374634
41,1475224944501,3.6943243052451846
41,1475225545017,3.7743364509606523
41,1475226146913,3.812882342692783
41,1475226747718,3.8801073046255388
41,1475227347740,3.6557330864205837
41,1475227948258,3.6760305017781283
41,1475228548826,3.6748126936873753
41,1475229149373,3.6025927919936875
41,1475229749953,3.637128966063782
41,1475230350463,3.8846505847874644
41,1475230951955,3.832840065685211
41,1475231551994,3.8920581198007858
41,1475232152581,3.9807861567320204
41,1475232753116,3.8127835147441638
41,1475233353697,3.6566116955288934
41,1475233954235,3.897930319176111
41,1475234554803,3.722104171744757
41,1475235154889,3.800389425922126
41,1475235755951,3.844974642996699
41,1475236356489,3.695357512362828
41,1475236956549,3.7591443486692833
41,1475237556601,3.8673505744418124
41,1475238157166,3.865387902300159
41,1475238757538,3.7733948482270976
41,1475239357776,3.6989645492722936
41,1475239957795,3.6721541848362484
41,1475240557993,3.5984547499082744
41,1475241158803,75.56604907094541
41,1475241759581,74.55808901855087
41,1475242360398,121.50389223624957
41,1475242961205,85.45838393297808
41,1475243561985,88.22820551415734
41,1475244162796,97.1416894450713
41,1475244763606,79.81873180117674
41,1475245364898,64.88186239830995
41,1475245964912,35.52442695722208
41,1475246565995,93.75782363616075
41,1475247166587,115.76966536335689
41,1475247767156,114.63555176890529
41,1475248367713,122.93858611374128
41,1475248968286,133.8809385335756
41,1475249568836,82.6426385642072
41,1475250169657,40.42341763104402
41,1475250770467,80.52793358523935
41,1475251371027,61.3218208896792
41,1475251971585,62.06618785903837
41,1475252572157,84.0166043567692
41,1475253172728,86.48892227558373
41,1475253773277,82.19150364988482
41,1475254373850,100.30717077449302
41,1475254974733,61.260150866887535
41,1475255575493,86.85548082155114
41,1475256176026,86.90544060338766
41,1475256776625,61.436046346357315
41,1475257376689,58.74429291475381
41,1475257976926,51.4271441874404
41,1475258577011,59.66229937187478
41,1475259177816,36.7763400136957
41,1475259777938,45.27918357717341
41,1475260378707,48.92364515238907
41,1475260979255,27.32276475026233
41,1475261579554,59.1622533057905
41,1475262179863,4.443389287365667
41,1475262779925,4.854088189832124
41,1475263380519,4.6410359123245515
41,1475263980651,4.266703502511348
41,1475264580929,5.492665998845169
41,1475265181738,4.500492370394712
41,1475265781899,4.2180348197470625
41,1475266382703,4.057894228130847
41,1475266982872,3.9858333318681476
41,1475267583686,3.943875047770986
41,1475268184483,3.8560497469728374
41,1475268785955,3.9229995085212166
41,1475269386751,3.807536898714948
41,1475269987569,3.8330484809629084
41,1475270587606,3.8518429816612447
41,1475271188301,3.720591731919677
41,1475271788322,3.937023062003193
41,1475272388724,4.072070899386741
41,1475272989486,3.770820751147906
41,1475273590570,3.797221190905269
41,1475274191360,3.905228766338503
41,1475274791843,3.7024483328900666
41,1475275392659,3.835629418463725
41,1475275992673,3.8037843516204703
41,1475276593460,3.882832981385995
41,1475277193740,3.7542608918192806
41,1475277793957,3.8919524036164916
41,1475278394779,3.7737738418790743
41,1475278995596,3.7670336012316574
41,1475279596422,3.868397263821432
41,1475280196938,3.812363080762873
41,1475280797542,3.7911111458652216
41,1475281398869,3.9882290526827098
41,1475281999693,3.7845832413296683
41,1475282600008,3.7459766670914405
41,1475283200834,3.778173464466728
41,1475283801138,3.6827318274237384
41,1475284401193,4.012829908641538
41,1475285001998,3.7496550464711214
41,1475285602874,3.7843359233219864
41,1475286203618,3.960491909339274
41,1475286803635,3.606370648200156
41,1475287404131,3.721165266494416
41,1475288004922,3.8424141824380333
41,1475288605695,3.812114190139641
41,1475289205860,3.894063270384892
41,1475289806011,3.684335326766946
41,1475290406831,3.7706757874023937
41,1475291007647,3.788167832284972
41,1475291608467,3.765212018249519
41,1475292208597,3.68794657755715
41,1475292809215,3.6840392157106026
41,1475293409704,3.657476333241933
41,1475294010321,3.6498679806230605
41,1475294610785,3.631551618137683
41,1475295210972,3.696490524267825
41,1475295811790,3.779009463521689
41,1475296412614,3.9228918254317597
41,1475297012998,3.8865643596988297
41,1475297613632,3.750342334017435
41,1475298214153,3.9233171148053856
41,1475298814730,3.5356697127603107
41,1475299415239,3.8293245511957705
41,1475300015852,3.8453129825869707
41,1475300615935,3.772776071423528
41,1475301216039,3.7577610002186383
41,1475301816830,3.981739948996478
41,1475302417647,3.749828415817909
41,1475303018457,3.8446988458546265
41,1475303619271,3.8903220146961517
41,1475304219562,3.86843291948297
41,1475304820398,3.8537447571442867
41,1475305420747,3.8972005362319555
41,1475306021375,3.8503242793133774
41,1475306621859,3.7663077386787065
41,1475307222478,4.009518663486849
41,1475307822954,3.8339669171730506
41,1475308423247,3.7256343717860516
41,1475309023613,3.815630368990365
41,1475309624836,3.7425071759730373
41,1475310224877,3.559327335887513
41,1475310825875,3.879322473911911
41,1475311425982,3.788407877332401
41,1475312026936,3.715148023023415
41,1475312627413,3.8016699726752208
41,1475313228069,3.7112812407293037
41,1475313828533,3.7526516462514143
41,1475314429183,3.911088711053325
41,1475315029641,3.792221474495842
41,1475315629988,3.574808944882837
41,1475316230790,3.7007837935964787
41,1475316831588,3.719532705410707
41,1475317431871,3.897971945715421
41,1475318032667,3.8018336345069663
41,1475318632945,3.785017564584378
41,1475319233615,3.8294610021885793
41,1475319834095,3.577000800320372
41,1475320434245,3.901593266651306
41,1475321035058,3.6936040565294626
41,1475321635888,3.5960372273811645
41,1475322236354,3.7271559442346414
41,1475322836993,3.8017354487080355
41,1475323437125,3.694104032258951
41,1475324037777,3.9464605893319957
41,1475324638822,3.6706506247097472
41,1475325239386,3.7265619089383613
41,1475325839870,3.9513079261703723
41,1475326439871,3.8819671922881254
41,1475327040684,3.5820200201732013
41,1475327640684,3.820476640683735
41,1475328241479,3.6647265695843494
41,1475328842281,3.818879257036085
41,1475329442975,3.8411993502306343
41,1475330043903,3.8420658601452495
41,1475330644706,3.749473726172229
41,1475331244765,3.8005534134610857
41,1475331844935,3.754562085483484
41,1475332445540,3.7597671140870697
41,1475333045714,3.858180304962309
41,1475333646538,3.7868636489617664
41,1475334247334,3.646961810346241
41,1475334848824,3.607434394401178
41,1475335448944,3.845189870973998
41,1475336049738,3.819052338267935
41,1475336650580,3.792903045399246
41,1475337250818,3.915836191607564
41,1475337851227,3.6913843392206545
41,1475338451893,3.716146307536749
41,1475339052305,3.8841425406280896
41,1475339653025,3.7077720041039384
41,1475340253090,3.7810769966995474
41,1475340853685,3.7943840710299868
41,1475341454504,3.690708366925752
41,1475342054821,3.8904737606749507
41,1475342655353,3.978057320990674
41,1475343256957,3.7197070307924043
41,1475343856960,3.761822241753992
41,1475344457773,3.8764341900323025
41,1475345057863,3.8135872375231954
41,1475345658902,3.740054412256652
41,1475346258955,3.8848419337270412
41,1475346859270,3.657621174793333
41,1475347459661,3.800420262259221
41,1475348059890,3.878321906945568
41,1475348660702,3.840396201307635
41,1475349260933,3.82122266493633
41,1475349861181,3.8143992890212615
41,1475350461995,3.9334663557373672
41,1475351062782,3.7802933554723324
41,1475351663598,3.759489394115814
41,1475352264395,3.8870305256701734
41,1475352864906,4.071319099751684
41,1475353465997,3.76427426920034
41,1475354066800,3.7527230387071477
41,1475354667601,4.16201013512053
41,1475355268405,3.8589993996253327
41,1475355868418,3.7415316164317396
41,1475356469095,3.912151891883794
41,1475357069544,3.8083001683416726
41,1475357670343,3.869086891225467
41,1475358271151,3.883614506389674
41,1475358871952,3.733465373095142
41,1475359472781,3.8285230137147837
41,1475360073577,3.818905089135234
41,1475360674373,3.9357994393695597
41,1475361275178,3.958271781589225
41,1475361875963,3.9325604762221182
41,1475362476748,3.736259678534927
41,1475363077549,3.9351331219877017
41,1475363677869,3.8265936588664387
41,1475364277957,3.6529566338860717
41,1475364878761,3.877983909403582
41,1475365479563,3.895233134346397
41,1475366080384,3.7984978288786664
41,1475366681914,3.766022942535617
41,1475367281995,3.8168616206540227
41,1475367882843,3.7017066993110297
41,1475368483621,3.7659414487819936
41,1475369084412,3.876580140587116
41,1475369685914,3.736230843282899
41,1475370286990,3.937834451789091
41,1475370887744,3.869767040409301
41,1475371488092,3.7313276804172175
41,1475372088935,3.8342148342376463
41,1475372689222,3.913063562473931
41,1475373289905,3.6098217371851837
41,1475373890300,3.6396421413010436
41,1475374491096,3.800686491507377
41,1475375092894,3.666309772949274
41,1475375693943,3.71988226108932
41,1475376294965,3.944475065396354
41,1475376895765,3.758305747862882
41,1475377496570,3.714452991886599
41,1475378097371,3.652878319657913
41,1475378697472,3.7050499320600574
41,1475379297627,3.7776623190199388
41,1475379898430,3.724531211871542
41,1475380499874,3.6801573524284685
41,1475381100685,3.6915998512726302
41,1475381701479,3.7740120527898355
41,1475382302286,3.91768954628361
41,1475382903079,3.6540929230536556
41,1475383503884,3.739172129746778
41,1475384104686,3.858376469720659
41,1475384705207,3.7504540222348126
41,1475385305797,3.8358293436148068
41,1475385905921,3.8475126196329947
41,1475386506721,3.792526050490762
41,1475387107532,3.7945068631302425
41,1475387708331,3.89951910546107
41,1475388308703,3.699563401572335
41,1475388909436,3.8115461722548183
41,1475389510261,3.808682660344613
41,1475390111045,3.704031157682665
41,1475390711848,3.746757390396599
41,1475391312159,3.7198655234725635
41,1475391912290,3.8233026844561366
41,1475392513093,3.77188252977559
41,1475393113901,3.7727255058122267
41,1475393714717,3.6980619201572127
41,1475394315515,3.796232649172513
41,1475394916352,3.8051321980099546
41,1475395517153,3.7382458734328297
41,1475396117983,3.7486667045813804
41,1475396718783,3.7525673491989844
41,1475397319579,3.7232006696574715
41,1475397919771,3.6039295088771324
41,1475398520555,3.792127935087546
41,1475399120869,3.645317659014663
41,1475399721229,3.675949686022021
41,1475400321412,3.738249620432948
41,1475400922235,3.6658837393574637
41,1475401523060,3.746283612979012
41,1475402123887,3.882609406597436
41,1475402724683,3.6111405546834314
41,1475403324874,3.880856784696074
41,1475403925255,3.566028480568663
41,1475404525459,3.8692910898820854
41,1475405125848,3.778277834355162
41,1475405726029,3.6846718165074823
41,1475406326092,3.7897806664434612
41,1475406926895,3.5669256558114126
41,1475407527716,3.693193834248865
41,1475408128528,3.8653575734271484
41,1475408728976,3.758319007488585
41,1475409329761,3.5843946442578116
41,1475409930722,3.907329003183949
41,1475410530843,3.716463063841183
41,1475411131634,3.6009338763054544
41,1475411732883,3.7248234530966435
41,1475412333199,3.631290898682382
41,1475412934021,3.81636503449955
41,1475413534823,4.1030060046552075
41,1475414135108,3.6632671296541433
41,1475414735928,3.687207186888885
41,1475415336730,3.9971935305704562
41,1475415937536,3.705330516690277
41,1475416538336,3.74316082806664
41,1475417139140,3.90980582197621
41,1475417739936,3.981830622917658
41,1475418340718,3.7861162408720843
41,1475418941538,3.8415109016765543
41,1475419542350,3.9032431112745725
41,1475420143148,3.866756119126375
41,1475420743973,3.6793036054648125
41,1475421344285,3.999677113605027
41,1475421945092,3.7388740437907515
41,1475422545889,3.7829648544282675
41,1475423146701,3.71061988439875
41,1475423747485,3.9200793846254633
41,1475424348127,3.929560442964869
41,1475424948604,3.9344986741907597
41,1475425548979,3.8118715490309945
41,1475426149708,3.7834878354947863
41,1475426750515,3.896413582998928
41,1475427350853,3.799240423311358
41,1475427951162,3.7940945778868
41,1475428551973,3.695357970932907
41,1475429152767,3.9055145179391544
41,1475429753591,3.8313521668425032
41,1475430353843,4.0669678363549515
41,1475430954635,4.112022022131962
41,1475431554920,4.128136474187039
41,1475432154975,4.317761215023603
41,1475432755923,4.271413831090887
41,1475433356731,4.124774326466645
41,1475433957542,3.9141072666565173
41,1475434558336,3.8901344263201905
41,1475435158990,3.776000884241167
41,1475435759955,3.692292450792183
41,1475436360941,3.971859720953695
41,1475436961745,3.619888120281238
41,1475437562557,3.8670480631230326
41,1475438163369,3.822174049132723
41,1475438763483,3.920182225355513
41,1475439364996,3.938212249255539
41,1475439965793,3.7863502857825244
41,1475440566613,3.7315196728265088
41,1475441167416,3.8434141415975356
41,1475441767925,3.8629918509613894
41,1475442368725,3.935740392425018
41,1475442969840,3.793949845166016
41,1475443570664,3.8904125408682226
41,1475444171997,3.810567813379665
41,1475444772785,4.021842345007143
41,1475445373572,4.033325672508902
41,1475445973868,3.896899149136457
41,1475446574683,3.882222638482921
41,1475447175940,3.876988153018168
41,1475447776734,3.9313978868198154
41,1475448376901,3.972586057194918
41,1475448977948,3.9263047962682784
41,1475449578577,4.0978958663973195
41,1475450178587,3.731174190917534
41,1475450778973,4.058500597950912
41,1475451378991,3.8224172920010178
41,1475451979816,3.8420221737166407
41,1475452580629,3.7447515226027703
41,1475453180947,3.9337145101633544
41,1475453781266,3.961992603331423
41,1475454381558,3.7638207965025012
41,1475454981564,3.921524319681211
41,1475455582363,3.7199128283976117
41,1475456183176,3.636546283154395
41,1475456783476,3.978612137568607
41,1475457384268,3.859249914555184
41,1475457984936,3.698429770148804
41,1475458585870,3.968793777522555
41,1475459186694,3.7041751548455744
41,1475459786866,3.7869448781396655
41,1475460387177,4.08122140893922
41,1475460987977,3.7235930061850944
41,1475461588354,3.9329871535444973
41,1475462188854,3.86694366895235
41,1475462788971,3.7160087188231814
41,1475463389797,3.7457669688444932
41,1475463990575,3.8280276684271066
41,1475464590878,3.6259633472387556
41,1475465191550,3.7928324327260854
41,1475465792015,3.842961662738536
41,1475466392326,3.8215162719368707
41,1475466993138,3.7454097040014873
41,1475467593508,3.9783014254711873
41,1475468194236,3.7269365944385258
41,1475468794556,3.714895831061379
41,1475469395356,3.818331810517917
41,1475469995663,3.774254627830428
41,1475470596465,3.810784387119605
41,1475471197273,3.9740293915390152
41,1475471798100,3.662508101741082
41,1475472398894,3.732142252668241
41,1475472999732,3.940155082606006
41,1475473599892,3.6545713535377877
41,1475474200789,3.8483570199684642
41,1475474801107,3.9099639408436957
41,1475475401918,3.865051882031384
41,1475476002725,3.5498312787367654
41,1475476602929,3.883306297923064
41,1475477203910,4.074524301929634
41,1475477804725,3.5744313315762177
41,1475478404910,3.5696248107977433
41,1475479005705,3.8962475043761997
41,1475479606501,3.8246045330236775
41,1475480207966,3.7192446116629228
41,1475480808685,3.8963562118720896
41,1475481408912,3.7622308675790457
41,1475482009866,3.720094192874845
41,1475482610677,3.8210437412596976
41,1475483211928,3.67359954040746
41,1475483812736,3.5986685834235055
41,1475484412880,3.779758746235795
41,1475485013937,3.7886229496017068
41,1475485614622,3.795130477506145
41,1475486215447,3.83631386271652
41,1475486816278,3.720063110681393
41,1475487416887,3.639551573732902
41,1475488017390,3.878389873579393
41,1475488618210,3.7128331202801426
41,1475489219027,3.69961661281219
41,1475489819832,3.7241344476139666
41,1475490420097,3.8603133088520343
41,1475491020488,3.6683244261839065
41,1475491621302,3.744064951351721
41,1475492221841,3.8549758333035036
41,1475492822922,3.901086632963822
41,1475493423728,3.6776242565081447
41,1475494023956,3.858415153019139
41,1475494624757,3.694549339586518
41,1475495225566,3.815170827174241
41,1475495826879,3.8138187056433788
41,1475496427684,3.750993646432223
41,1475497027991,3.6316230750933443
41,1475497278583,3.7641536148812293
41,1475497878610,3.8589666854626756
41,1475498479978,3.7239244899176334
41,1475499080787,3.7660671140826154
41,1475499681596,3.922735081351356
41,1475500281667,3.7079462607019975
41,1475500882348,3.744852528053194
41,1475501482785,3.951399108532242
41,1475502083487,3.6062858006346454
41,1475502683919,3.789328145449686
41,1475503284604,4.0273973008167765
41,1475503885046,3.8261566937466704
41,1475504485713,3.887456312050998
41,1475505086162,4.082486045055317
41,1475505686850,3.7369827559477984
41,1475506287295,3.8339739965147475
41,1475506887979,3.9363569163336214
41,1475507488434,3.8351071448900678
41,1475508089126,3.821924468867799
41,1475508689562,3.8125068668279676
41,1475509289845,3.9350973654119663
41,1475509890675,3.71529033232866
41,1475510491376,3.79197197434405
41,1475511091808,3.8960679259656104
41,1475511692474,3.814711601223503
41,1475512292931,3.9535781229653346
41,1475512893616,3.8064727285646853
41,1475513494043,3.873344362810122
41,1475514094855,3.74674547354005
41,1475514695678,3.8094642462455943
41,1475515296348,3.7703996372472828
41,1475515896795,3.7448356289065003
41,1475516497606,3.8144135239285974
41,1475517098436,3.78860228569676
41,1475517698856,3.8471600614625054
41,1475518299545,3.9326332056401783
41,1475518900201,3.9094022426065544
41,1475519500659,4.027877997488561
41,1475520101311,3.950713349613816
41,1475520701779,3.8664179165871837
41,1475521302427,3.9119251685849186
41,1475521902907,3.9689096521990237
41,1475522503583,3.815631055599205
41,1475523104019,3.8139785172164102
41,1475523704683,4.006074263706932
41,1475524304980,4.019419288399598
41,1475524905298,3.71778902405559
41,1475525505759,3.717613211815064
41,1475526106467,3.8910522876114007
41,1475526706883,3.728548415600516
41,1475527307531,3.783413350611673
41,1475527907985,3.98007454885573
41,1475528508537,3.689021534689632
41,1475529109128,3.9567775993464798
41,1475529709792,4.063337218539734
41,1475530309891,3.7876626684319263
41,1475530910723,3.757218566777631
41,1475531510940,3.7479592785321274
41,1475532111762,3.7737093143468825
41,1475532712566,3.6944126953086007
41,1475533312878,4.095563700260131
41,1475533913649,3.8360907124480845
41,1475534514285,3.834792297004108
41,1475535114754,3.7613050297843182
41,1475535715385,3.870738626998267
41,1475536315879,3.672823608029905
41,1475536915983,3.881539723009433
41,1475537516996,3.689077587746799
41,1475538117623,3.8534952173092387
41,1475538718098,3.732580028872094
41,1475539318714,3.705003654475823
41,1475539918972,3.6209951084202636
41,1475540519204,3.8777951079822786
41,1475541119900,3.765304772866741
41,1475541720705,3.7696187676863233
41,1475542321508,3.7640309924293947
41,1475542921858,3.8688128847297607
41,1475543522011,3.7059945088707593
41,1475544122821,3.9430487820414313
41,1475544723634,3.649248404764754
41,1475545323874,3.745791222682425
41,1475545924547,3.7680969988308446
41,1475546525950,3.765466258456049
41,1475547126458,3.7583138123873225
41,1475547727084,3.8353326033516444
41,1475548327578,3.702681777641532
41,1475548927695,3.7030222752380935
41,1475549527909,3.7892759144561423
41,1475550128140,3.7692706607097377
41,1475550728917,3.7751962896858045
41,1475551329731,3.9086536916699073
41,1475551930960,3.7032520761861862
41,1475552531583,3.649040079388599
41,1475553131589,3.829841149843959
41,1475553731895,3.8585042960113243
41,1475554332674,3.8112177100953355
41,1475554932933,3.7659935974435634
41,1475555533814,3.8950238914789637
41,1475556134427,3.7314732576063405
41,1475556734915,3.670303331306843
41,1475557335535,3.895867129337069
41,1475557936053,3.814691415198216
41,1475558536190,3.750172946870067
41,1475559136981,4.003670235859599
41,1475559737798,3.6579442670419673
41,1475560337842,3.6374794695038504
41,1475560938882,3.7985179468189907
41,1475561539686,3.796581195294577
41,1475562140988,3.6821093897188155
41,1475562741794,3.7974327820838396
41,1475563341864,3.8587851821461947
41,1475563942931,3.5843283431837873
41,1475564543742,3.785119353699911
41,1475565144511,3.813286989649202
41,1475565744939,3.53760240908136
41,1475566345744,3.8023822147530817
41,1475566946934,4.093933435161885
41,1475567547732,3.6651722051254914
41,1475568148537,3.7897231182475837
41,1475568748973,3.950990777900722
41,1475569348977,3.6723122207224597
41,1475569949674,3.706421773562796
41,1475570550855,3.763592943856154
41,1475571151675,3.793202755742
41,1475571751842,3.812463623600819
41,1475572352867,3.896808677571272
41,1475572953674,3.907469535063304
41,1475573553969,3.67558122701226
41,1475574154765,3.9533842368370613
41,1475574754788,3.818100168148715
41,1475575355072,3.6206699921387893
41,1475575955849,3.702364498467456
41,1475576556397,3.651561400267197
41,1475577156916,3.8586067897679874
41,1475577757469,3.9127510528756853
41,1475578357969,3.727614285442307
41,1475578958549,3.7591857264076376
41,1475579559060,3.955187962932188
41,1475580159614,3.6302451432816896
41,1475580760129,3.658669679114604
41,1475581360688,3.702689927303472
41,1475581961219,3.9821670245698497
41,1475582561791,3.793524238052045
41,1475583161879,3.7995671246931684
41,1479836895477,115.95922369216345
41,1479837495980,167.63023041651476
41,1479838096803,136.12123516497996
41,1479838697842,240.78102648845055
41,1479839297852,210.15457847441468
41,1479839898909,202.48223905543665
41,1479840498980,120.99356082584703
41,1479841099561,82.8966329452639
41,1479841700507,116.33116210681115
41,1479842300855,159.73974287259108
41,1479842901154,204.06484940632583
41,1479843501539,193.3953993411995
41,1479844102342,205.64108980405535
41,1479844703140,101.41613379293524
41,1479845303961,63.373154012089614
41,1479845904770,63.411130008925014
41,1479846505578,211.54730320318123
41,1479847106380,104.26340961626588
41,1479847706732,85.93172752299705
41,1479848306813,92.21858398101344
41,1479848906995,28.666139820251306
41,1479849507501,44.411802689153625
41,1479850107798,45.32635073045471
41,1479850708593,117.11410109222166
41,1479851308910,68.40787292740717
41,1479851909724,72.92300829747714
41,1479852510014,60.46704921541574
41,1479853110812,17.056489801075664
41,1479853711106,26.12690807109514
41,1479854311921,9.5114271657511
41,1479854911975,16.560300548353997
41,1479855512492,13.791019358963089
41,1479856112780,9.970941522549568
41,1479856713610,8.368087379498714
41,1479857314424,9.114401192272307
41,1479857915243,9.148809478713435
41,1479858515531,9.802179164585207
41,1479859116341,7.661201558949701
41,1479859716616,6.5317307814274725
41,1479860317436,4.457906385822037
41,1479860917732,3.808109248892529
41,1479861518531,3.8299082180786796
41,1479862119324,4.126232922508157
41,1479862720138,4.507658004341708
41,1479863320442,4.700157678491365
41,1479863921232,6.378270341805685
41,1479864521567,5.429185939838103
41,1479865122391,3.906290874770248
41,1479865722604,3.8496227167938306
41,1479866322984,3.8113579613616047
41,1479866923291,3.857449949970701
41,1479867523831,3.9831563000125016
41,1479868124017,4.178111677435767
41,1479868724678,4.211794474205002
41,1479869324973,4.046995245267107
41,1479869925784,3.7897855079858447
41,1479870526082,3.6019955610968166
41,1479871126877,3.770033278392854
41,1479871727693,3.7114141156095526
41,1479872328490,3.727215680823855
41,1479872928783,3.9404529944476074
41,1479873528994,4.131775828008786
41,1479874129890,5.1677988790264715
41,1479874730705,6.063725687191703
41,1479875330974,5.756880284001372
41,1479875931791,5.780227810373079
41,1479876532089,5.718901138250219
41,1479877132881,6.1335844449063135
41,1479877733205,5.489592439731724
41,1479878334016,5.145702492063275
41,1479878934303,4.7711843326179295
41,1479879535095,4.666014887628623
41,1479880135398,4.381295941145901
41,1479880736203,4.630225370289236
41,1479881336500,4.407206340827839
41,1479881937297,4.2524751862229175
41,1479882537602,4.176226717018713
41,1479883138394,4.279276136356631
41,1479883738685,3.9267674628583022
41,1479884339491,4.096359579897405
41,1479884939794,4.12896636823057
41,1479885540584,3.9033208043024112
41,1479886140894,3.9476612440093524
41,1479886741605,3.7548124074270754
41,1479887342002,4.1187085472902965
41,1479887942807,4.037614194150981
41,1479888543110,3.995300915601727
41,1479889143906,3.959493556724457
41,1479889744199,3.923847228742641
41,1479890344581,3.7056170342801886
41,1479890944873,3.8202669033288625
41,1479891545069,3.8977714049545127
41,1479892145890,3.890381588391113
41,1479892746675,3.898708737222976
41,1479893347464,3.9877012397661487
41,1479893947988,4.032166425712987
41,1479894548609,3.8323706281215246
41,1479895149845,3.9168354733107966
41,1479895749989,4.015241456679783
41,1479896350505,3.7569688343770893
41,1479896950814,3.794252995189253
41,1479897551630,3.863675715609252
41,1479898151942,3.8163512846274883
41,1479898752226,3.6323635870035718
41,1479899352535,4.16107504180591
41,1479899953335,4.2754638265701015
41,1479900553642,4.999128840068984
41,1479901154434,5.799574755178872
41,1479901754736,6.693586235587273
41,1479902355555,7.091914891796738
41,1479902955838,6.5300559317073406
41,1479903555973,4.489891927308436
41,1479904156956,3.8311724073478883
41,1479904757764,3.634344795808194
41,1479905358578,3.7766183508696995
41,1479905958649,3.8059216270257474
41,1479906558954,3.835382349855159
41,1479907159779,4.129324151858518
41,1479907760762,3.9097320749721236
41,1479908361576,3.686741993657916
41,1479908961883,3.8033444188314585
41,1479909562696,3.7672550747740714
41,1479910163005,3.7617081178744725
41,1479910763817,3.759708526535184
41,1479911364135,3.7502527574554465
41,1479911964926,3.815255274685101
41,1479912565225,3.7303284829121095
41,1479913165314,3.764442433904084
41,1479913765600,14.931352152055974
41,1479914366398,32.936597001872826
41,1479914966680,56.86454507611563
41,1479915567496,45.25485498730674
41,1479916167799,41.426298650707515
41,1479916768598,40.7237449602856
41,1479917368895,40.51373936137117
41,1479917969708,37.269664121105016
41,1479918570514,37.57902723363156
41,1479919171328,32.115466342868224
41,1479919771336,18.397784264459727
41,1479920371478,20.48656110609567
41,1479920972983,30.682675734306134
41,1479921573788,36.84622680860079
41,1479922173918,32.939738414616954
41,1479922774733,25.077934700843077
41,1479923375598,10.13823502239926
41,1479923976411,33.7892895183126
41,1479924576766,30.038520131280514
41,1479925177494,35.86237388292085
41,1479925777769,19.14313434194738
41,1479926378583,10.55292492913012
41,1479926978884,27.456416084728545
41,1479927579684,32.29302321946217
41,1479928179976,30.861576427017127
41,1479928780188,5.740265255332244
41,1479929381000,8.446715714593747
41,1479929981790,12.339379960660038
41,1479930582585,11.438556904896878
41,1479931182986,9.562209433534907
41,1479931783302,9.645663932694898
41,1479932383595,9.910705957664593
41,1479932983882,9.917865111544344
41,1479933584692,6.933075768590976
41,1479934184983,5.636112090313112
41,1479934785265,5.069285751240218
41,1479935385578,4.861826787257206
41,1479935986384,4.515529033512427
41,1479936586674,4.423341342532821
41,1479937187478,4.0796150603922285
41,1479937787801,4.365404627872829
41,1479938388606,4.000235969703427
41,1479938988902,4.075932119459156
41,1479939589710,3.9941151728078146
41,1479940190004,3.794519349485875
41,1479940790815,3.823110318488996
41,1479941391110,3.9344749711613667
41,1479941991902,3.7229365855444514
41,1479942592195,3.845816915301035
41,1479943192254,3.8143959378182473
41,1479943792719,3.786747427386095
41,1479944393864,3.884207408050341
41,1479944994448,3.8300091056464636
41,1479945595222,3.7788927261434955
41,1479946195515,3.85284326567725
41,1479946796044,3.7078302360265694
41,1479947396603,3.8555467353468336
41,1479947996673,3.8278915412514216
41,1479948597698,3.8933308313111548
41,1479949198515,3.8195003712615216
41,1479949798813,3.7954600585631475
41,1479950399595,3.894201316148655
41,1479950999893,3.7384356279095114
41,1479951600694,3.803786606030882
41,1479952200934,3.6483035705825464
41,1479952801920,3.722297994289481
41,1479953402113,3.7004552213778643
41,1479954002923,3.7666861292623004
41,1479954603207,3.9033246757271725
41,1479955203588,3.7169622015546127
41,1479955804299,3.784567474779511
41,1479956405146,3.8643838153107013
41,1479957005977,3.881635626433522
41,1479957606805,3.8180078555439323
41,1479958207837,3.9997039961483885
41,1479958808639,3.72641712890384
41,1479959408926,3.9211144680572554
41,1479960009824,3.919378119477674
41,1479960610057,4.0199527506108295
41,1479961210933,4.945970364962558
41,1479961811166,5.433120346839798
41,1479962411952,5.230736570677331
41,1479963011978,5.202099001927083
41,1479963612575,4.488313512668333
41,1479964212898,5.39633767167712
41,1479964812998,4.904816904701688
41,1479965413830,4.950026149630579
41,1479966014764,4.523685644763524
41,1479966615059,4.343401751620771
41,1479967215926,4.322373301365454
41,1479967815938,4.09210906164217
41,1479968416751,4.242302342652739
41,1479969017309,4.113557562842555
41,1479969617820,4.075459281290546
41,1479970218416,4.052804390861723
41,1479970819258,3.8547832024482602
41,1479971419519,4.010110433008635
41,1479972020373,3.8820092860130897
41,1479972620619,3.7531149804437747
41,1479973221446,4.02706396953477
41,1479973821718,3.816547522051131
41,1479974422603,3.8229313432949423
41,1479975022838,3.866833119553154
41,1479975623659,3.9510245957507855
41,1479976223971,3.7949096666562077
41,1479976824153,3.5991923702658903
41,1479977424474,3.912685282139743
41,1479978024734,3.7435558947304486
41,1479978624943,3.929703843675488
41,1479979225761,3.666428770148161
41,1479979826639,4.011524207691197
41,1479980427402,3.8422333760931706
41,1479981027740,3.845410343491553
41,1479981628546,3.710315321267273
41,1479982228962,3.71125605613977
41,1479982829211,3.808053535362397
41,1479983429701,3.638870105467879
41,1479984029750,3.6628985193620878
41,1479984629814,3.877973394247346
41,1479985230630,3.656243985908533
41,1479985831437,3.8945843130974493
41,1479986432248,5.045927559426873
41,1479987032555,5.8378092677514735
41,1479987633040,6.644077053847933
41,1479988233425,6.77662792381971
41,1479988833961,6.15449301509978
41,1479989434514,5.749887443739777
41,1479990035066,4.263934086823418
41,1479990635861,3.6958473288968
41,1479991236166,3.7406615290863052
41,1479991836986,3.6037504401314933
41,1479992437803,3.7688409504807803
41,1479993038618,3.997644488025821
41,1479993639425,3.943695869600851
41,1479994240230,3.970113070200326
41,1479994840921,4.020759886085541
41,1479995441801,3.6982830914127147
41,1479996041924,3.7606285399202384
41,1479996642465,27.116635075375182
41,1479997242872,43.04650225550299
41,1479997842899,47.338645141033965
41,1479998442979,51.3119070304792
41,1479999043777,44.91977441859319
41,1479999644592,36.56408161631283
41,1480000245744,44.44778740059934
41,1480000846511,65.20648717552479
41,1480001446858,54.257193022852256
41,1480002047627,34.876279992073975
41,1480002647976,38.22924683255262
41,1480003248611,32.05658993953383
41,1480003849085,35.164330941556486
41,1480004449839,29.379987998692787
41,1480005050203,17.32943840320246
41,1480005650937,30.42392937080951
41,1480006251315,43.205927629945094
41,1480006852131,36.530057233544966
41,1480007452965,13.623356916588097
41,1480008053677,44.06050746297277
41,1480008654047,37.520572556333164
41,1480009254795,37.56476185193138
41,1480009855065,14.402908903039584
41,1480010455377,36.32553439686579
41,1480011055740,28.303430510303976
41,1480011656060,5.9886307692333345
41,1480012256871,19.956821225962898
41,1480012857663,33.3892617753316
41,1480013457918,85.12118920009057
41,1480014058301,43.95479885293174
41,1480014659117,10.31755476606774
41,1480015259858,23.340736550030805
41,1480015859877,38.80810832191445
41,1480016459994,53.365008476965386
41,1480017060802,29.595745190283036
41,1480017661615,8.407848238826308
41,1480018262424,26.718303453374375
41,1480018863244,34.31105437691335
41,1480019463964,35.93907443323144
41,1480020064379,36.97765922238115
41,1480020664648,22.652511673108396
41,1480021265404,32.69054469519783
41,1480021865769,28.261601759500017
41,1480022466478,27.42911964660633
41,1480023066878,8.3056772423723
41,1480023667091,35.06687729766772
41,1480024267879,33.868961296087335
41,1480024868577,27.8529262565638
41,1480025468971,18.952774515066338
41,1480026069793,35.898143360126
41,1480026670601,44.536735543712226
41,1480027270936,14.571942938172901
41,1480027870947,9.983916278566632
41,1480028471779,8.772034752497111
41,1480029072418,10.965120950057424
41,1480029672884,10.584156048198256
41,1480030273531,9.504363883473477
41,1480030874229,8.136626860145519
41,1480031474652,8.960859794294961
41,1480032075352,9.919545292043868
41,1480032675750,5.734233406337024
41,1480033275791,5.583890243623326
41,1480033875859,4.694717635834218
41,1480034476717,4.433798680296964
41,1480035077468,5.084252435010679
41,1480035678300,4.752541242530528
41,1480036279114,4.137314403837674
41,1480036879931,4.092631593148637
41,1480037480740,4.125955393931614
41,1480038081564,4.04686396667128
41,1480038681770,3.8727788468099673
41,1480039282436,3.8094345865342483
41,1480039882865,3.9120629653659855
41,1480040483538,3.985638169054952
41,1480041083613,3.8887677584264955
41,1480041684443,4.002937958997877
41,1480042285259,3.6715069209948354
41,1480042885756,3.873597418706223
41,1480043486887,3.855908298566569
41,1480044086902,3.8667969093300214
41,1480044687311,3.7506110075505523
41,1480045287637,3.8050222343397864
41,1480045887794,3.7996776514775497
41,1480046488456,61.39781156042487
41,1480047088898,184.94361516284778
41,1480047689701,97.01444502996881
41,1480048290637,65.67931559889402
41,1480048891309,109.49962640772678
41,1480049491744,76.62577716458571
41,1480050092431,68.9683276949893
41,1480050692848,58.00681619103595
41,1480051293522,88.48341090802278
41,1480051893969,24.681582863917136
41,1480052494641,69.10142416803481
41,1480053095084,111.67384800576534
41,1480053695882,92.09941248361187
41,1480054295950,31.693717226657988
41,1480054895964,76.17167947457668
41,1480055495974,52.72069347992523
41,1480056096789,54.076579720413164
41,1480056697609,49.48308306671144
41,1480057298413,69.70751950858183
41,1480057899218,61.77251309771714
41,1480058500706,29.66575856873816
41,1480059100826,94.18597022536748
41,1480059701807,87.80822719335362
41,1480060302247,59.68288446723371
41,1480060902939,51.61233236360715
41,1480061503377,75.66325508122618
41,1480062104184,71.66413326359917
41,1480062704999,90.02515756553922
41,1480063305714,44.34455583293553
41,1480063906100,47.28946211934037
41,1480064506756,46.16369766189246
41,1480065107208,55.23280979050567
41,1480065707909,96.32522502973333
41,1480066307954,88.51378781017013
41,1480066908995,42.13875737547911
41,1480067509437,100.16859749966491
41,1480068110083,46.148852748170775
41,1480068710556,59.437323866601915
41,1480069311236,47.6008149853774
41,1480069911685,62.31767413750765
41,1480070512350,49.77788016623103
41,1480071112795,82.90938278593404
41,1480071713012,82.87631974780007
41,1480072313817,46.0356348119845
41,1480072914438,25.0001575231679
41,1480073514922,53.85460714364166
41,1480074115720,7.530450073125566
41,1480074716532,51.19227754224188
41,1480075316749,15.77996860521481
41,1480075916797,43.86864088377392
41,1480076517609,17.09988062057764
41,1480077118406,32.421527815372755
41,1480077718990,42.660464415055856
41,1480078319447,30.149155572877596
41,1480078920808,4.919773649620112
41,1480079521637,32.04866508121147
41,1480080121684,82.6575154295277
41,1480080722147,123.81476840419398
41,1480081322814,170.72674434599378
41,1480081923284,128.68288563445915
41,1480082523906,98.78190505597374
41,1480083123947,83.829098050992
41,1480083724375,116.27528215373972
41,1480084324925,96.85868146972594
41,1480084925997,130.05737311859136
41,1480085526806,103.19489563326484
41,1480086126959,92.98080588743368
41,1480086727695,46.10965645905395
41,1480087328327,99.15071462644885
41,1480087928809,48.636172001301475
41,1480088529424,63.27447531159349
41,1480089129924,64.76256740925734
41,1480089729935,49.49124177743789
41,1480090330740,50.53033143783692
41,1480090930954,100.92713159533437
41,1480091531364,88.2100653700141
41,1480092131970,90.74317735040901
41,1480092732480,78.08909432729482
41,1480093333866,64.02259685947709
41,1480093934363,51.670775897674424
41,1480094534980,49.75770793022715
41,1480095135476,46.50826378880093
41,1480095736130,33.59984143217987
41,1480096336570,25.67715895508018
41,1480096937204,36.611436267004756
41,1480097537666,15.14162391762377
41,1480098137717,43.71399335621986
41,1480098738520,69.6203763088371
41,1480099339336,49.37258959546526
41,1480099940135,38.03523202368354
41,1480100540932,33.321159281908635
41,1480101141732,39.55984426696999
41,1480101742551,50.40272864348313
41,1480102342615,3.909338592149446
41,1480102944171,4.470064040729868
41,1480103544979,5.397530865946123
41,1480104145800,5.311510638741877
41,1480104746598,5.344979271672967
41,1480105346920,5.550954146558238
41,1480105947426,5.87416606284872
41,1480106548010,4.831022038526667
41,1480107148546,4.773637399515695
41,1480107749136,4.856359806582786
41,1480108349643,4.140786970522634
41,1480108950206,4.039773050914099
41,1480109550779,3.9132238971288813
41,1480110151346,3.9247487095254634
41,1480110751880,3.9178213408503586
41,1480111351883,3.7187908485662335
41,1480111952991,3.8459726809911645
41,1480112553586,3.750462277135617
41,1480113154126,3.6734276944767843
41,1480113754697,3.8679194723495827
41,1480114355241,3.8892723894546477
41,1480114955806,3.859101455520855
41,1480115555807,4.0253925246112505
41,1480116156619,3.841639640563968
41,1480116756972,3.7405591474915125
41,1480117357535,3.8303265389504433
41,1480117958993,3.9330703415737687
41,1480118559549,3.8022033089134197
41,1480119159711,3.9873509763290658
41,1480119760889,4.0002657549305365
41,1480120361692,3.8228332148412547
41,1480120962497,3.8718362465397584
41,1480121562967,3.7991391403743746
41,1480122163847,3.6565435887317257
41,1480122763971,3.890612411623612
41,1480123364916,3.748903606836533
41,1480123965227,3.8527613047288147
41,1480124565767,3.8258334699947385
41,1480125165778,3.7432045303670827
41,1480125765839,3.7682466180677148
41,1480126366376,3.7525906300437883
41,1480126966927,3.834770438113781
41,1480127567479,3.7098789121160545
41,1480128167555,3.683503863804534
41,1480128768353,3.8075000336401317
41,1480129368908,3.811983456757634
41,1480129969449,3.891783078370718
41,1480130570250,3.975920355013824
41,1480131171807,3.825405982799805
41,1480131772374,3.712902413457331
41,1480132372947,3.754114171854316
41,1480132973487,3.8403600061613377
41,1480133573991,3.987701418889171
41,1480134174600,4.91725751136222
41,1480134775187,5.008042082900551
41,1480135375776,4.419413484702439
41,1480135976306,4.43135231844456
41,1480136576859,4.566816252599674
41,1480137177406,4.584097687396363
41,1480137777956,4.514911369246084
41,1480138377959,4.417404540212663
41,1480138978760,4.199357781589026
41,1480139579567,4.345131156221535
41,1480140180368,4.2386146801952265
41,1480140780754,4.2124261283997315
41,1480141381484,4.377731490578658
41,1480141981869,4.281663158228165
41,1480142582403,4.151771315617605
41,1480143182966,4.181357198844113
41,1480143783527,4.092971378327413
41,1480144383623,4.163315713877319
41,1480144984610,4.129126917873076
41,1480145584611,4.0796577754669965
41,1480146185746,4.1041378919096445
41,1480146786320,4.27243223022529
41,1480147386843,3.9013760837232154
41,1480147987397,3.8927552610729768
41,1480148587953,4.093839347237607
41,1480149188537,3.9663808563295317
41,1480149789064,3.8924035662481407
41,1480150389644,3.898439759934287
41,1480150989719,3.8996206374478453
41,1480151589906,3.6427132645703653
41,1480152190705,3.949785970168404
41,1480152791896,3.80706219761176
41,1480153392859,3.730521984678812
41,1480153993532,3.9186544042320732
41,1480154593545,3.9934184112915445
41,1480155194107,3.767875268619618
41,1480155794671,3.807316556483862
41,1480156395210,3.8880547157059686
41,1480156995728,3.7876877055668032
41,1480157596323,3.8568821569729197
41,1480158196836,3.8037093848444115
41,1480158797021,3.771969140558057
41,1480159397444,3.839400732059059
41,1480159998041,3.813650950351934
41,1480160598564,3.7097210593581345
41,1480161199147,3.72832486255177
41,1480161799655,4.005820307577217
